libId,algn_seg_with_mult_algn,aligned,alignment_not_unique,ambiguous,bad_cycles,category,coding_bases,correct_strand_reads,fastq_total_reads,ignored_reads,incorrect_strand_reads,intergenic_bases,intronic_bases,library,mean_read_length,median_3prime_bias,median_5prime_bias,median_5prime_to_3prime_bias,median_cv_coverage,no_feature,not_aligned,pct_adapter,pct_chimeras,pct_coding_bases,pct_correct_strand_reads,pct_intergenic_bases,pct_intronic_bases,pct_mrna_bases,pct_pf_reads,pct_pf_reads_aligned,pct_reads_aligned_in_pairs,pct_ribosomal_bases,pct_usable_bases,pct_utr_bases,percent_duplication,pf_aligned_bases,pf_aligned_bases,pf_bases,pf_hq_aligned_bases,pf_hq_aligned_q20_bases,pf_hq_aligned_reads,pf_hq_error_rate,pf_hq_median_mismatches,pf_indel_rate,pf_mismatch_rate,pf_noise_reads,pf_reads,pf_reads_aligned,read_pair_duplicates,read_pair_optical_duplicates,read_pairs_examined,reads_aligned_in_pairs,reads_aligned_sam,reads_with_mult_align,ribosomal_bases,strand_balance,too_low_aQual,total_reads,unmapped_reads,unpaired_read_duplicates,unpaired_reads_examined,utr_bases,mapped_reads_w_dups,%gc,adapter_content,basic_statistics,encoding,file_type,filename,kmer_content,overrepresented_sequences,per_base_n_content,per_base_sequence_content,per_base_sequence_quality,per_sequence_gc_content,per_sequence_quality_scores,per_tile_sequence_quality,sequence_duplication_levels,sequence_length,sequence_length_distribution,sequences_flagged_as_poor_quality,total_deduplicated_percentage,total_sequences,predicted_sex,sex_check,sexcheck_cutoff,sexcheck_eqn,total_counts,x_counts,x_genes,y_counts,y_genes,y_x_count_ratio,y_x_gene_ratio
lib45897_CE2DAANXX,17.0,54.1,1564551,105740,0.0,UNPAIRED,43823298.0,565472.0,3625861.0,0.0,546203.0,2208430.0,6271213.0,Unknown Library,55.305891,0.891057,0.452949,0.50417,0.42839,115599,0,0.0,0.0,0.493769,0.508667,0.024883,0.070659,0.902503,1.0,1.0,0.0,0.001973,0.899349,0.408734,0.525485,88752709.0,88752709.0,89063943.0,82340420.0,81111860.0,1492880.0,0.001965,0.0,0.000147,0.002079,0.0,1610388.0,1610388.0,0.0,0.0,0.0,0.0,1961895.0,334097.0,175104.0,0.50062,0,1610388.0,0.0,1783365.0,3393753.0,36276254.0,0.9359854114650286,48.0,pass,pass,Sanger / Illumina 1.9,Conventional base calls,FASTQC_OUT,fail,pass,pass,fail,pass,warn,pass,warn,warn,50-57,warn,0.0,51.16564188386066,3429548.0,female,NA,0.5,(y_counts^2 / total_counts) > cutoff,1271541,39857,501,636,19,0.01595704644102667,0.03792415169660679
lib45898_CE2DAANXX,20.1,44.5,4244138,216042,0.0,UNPAIRED,95616339.0,1082159.0,9284411.0,0.0,1073407.0,3657781.0,12148624.0,Unknown Library,55.289412,0.795512,0.61781,0.74391,0.353793,225099,0,0.0,0.0,0.562152,0.50203,0.021505,0.071425,0.905942,1.0,1.0,0.0,0.001142,0.903279,0.34379,0.656411,170089873.0,170089873.0,170591224.0,159647526.0,157291870.0,2894639.0,0.001862,0.0,0.000134,0.001966,0.0,3085423.0,3085423.0,0.0,0.0,0.0,0.0,4134970.0,829290.0,194262.0,0.49981,0,3085423.0,0.0,5894571.0,8979994.0,58475162.0,0.9672120288513725,53.0,pass,pass,Sanger / Illumina 1.9,Conventional base calls,FASTQC_OUT,fail,pass,pass,fail,pass,pass,pass,warn,fail,50-57,warn,0.0,38.26154082266904,9035638.0,female,NA,0.5,(y_counts^2 / total_counts) > cutoff,2453498,75309,550,1087,23,0.01443386580621174,0.04181818181818182
lib45899_CE2DAANXX,19.3,51.3,2438474,136768,0.0,UNPAIRED,54689073.0,708011.0,5074122.0,0.0,685243.0,2958117.0,8314218.0,Unknown Library,55.294172,0.871626,0.524917,0.596612,0.4,155847,0,0.0,0.0,0.48803,0.508171,0.026397,0.074194,0.89782,1.0,1.0,0.0,0.001604,0.894289,0.40979,0.571522,112060790.0,112060790.0,112503347.0,104074370.0,102531638.0,1888023.0,0.002121,0.0,0.000175,0.002253,0.0,2034633.0,2034633.0,0.0,0.0,0.0,0.0,2600929.0,500833.0,179716.0,0.500118,0,2034633.0,0.0,2713878.0,4748511.0,45921400.0,0.9358290951616851,49.0,pass,pass,Sanger / Illumina 1.9,Conventional base calls,FASTQC_OUT,fail,pass,pass,fail,pass,pass,pass,warn,fail,50-57,warn,0.0,47.1847473531156,4804695.0,female,NA,0.5,(y_counts^2 / total_counts) > cutoff,1595408,51136,537,819,20,0.016016113892365458,0.037243947858473
lib45900_CE2DAANXX,15.9,53.0,2262972,162173,0.0,UNPAIRED,66183212.0,832426.0,5627281.0,0.0,812506.0,3547022.0,13055438.0,Unknown Library,55.277044,0.864196,0.541605,0.62508,0.376567,243717,0,0.0,0.0,0.490029,0.506055,0.026263,0.096664,0.875779,1.0,1.0,0.0,0.001306,0.872774,0.385749,0.538328,135059678.0,135059678.0,135524609.0,126196592.0,124219673.0,2289326.0,0.001967,0.0,0.000141,0.002076,0.0,2451734.0,2451734.0,0.0,0.0,0.0,0.0,2981169.0,474187.0,176444.0,0.501057,0,2451734.0,0.0,2858816.0,5310550.0,52099203.0,0.943715090822726,50.0,pass,pass,Sanger / Illumina 1.9,Conventional base calls,FASTQC_OUT,fail,pass,pass,fail,pass,warn,pass,warn,fail,50-57,warn,0.0,49.60430473701257,5362397.0,female,NA,0.5,(y_counts^2 / total_counts) > cutoff,1883436,58139,566,892,21,0.015342541151378593,0.037102473498233215
lib45901_CE2DAANXX,17.5,47.6,2872243,182259,0.0,UNPAIRED,76948284.0,930441.0,7088070.0,0.0,916176.0,3440852.0,10102629.0,Unknown Library,54.856971,0.855506,0.562679,0.651368,0.36042,190889,0,0.0,0.0,0.528308,0.503862,0.023624,0.069362,0.905773,1.0,1.0,0.0,0.001251,0.903005,0.377465,0.605836,145650340.0,145650340.0,146096840.0,136251134.0,134155169.0,2489924.0,0.001798,0.0,0.000133,0.001892,0.0,2663232.0,2663232.0,0.0,0.0,0.0,0.0,3371286.0,590742.0,182151.0,0.500015,0,2663232.0,0.0,4093428.0,6756660.0,54977917.0,0.95324397191337,51.0,pass,pass,Sanger / Illumina 1.9,Conventional base calls,FASTQC_OUT,fail,pass,pass,fail,pass,warn,pass,warn,fail,50-57,warn,0.0,43.13192130972248,6800157.0,female,NA,0.5,(y_counts^2 / total_counts) > cutoff,2116776,65766,562,10,5,0.0001520542529574552,0.008896797153024912
lib45902_CE2DAANXX,15.5,50.6,1991757,153630,0.0,UNPAIRED,65809484.0,795019.0,5401102.0,0.0,782197.0,2784968.0,8140618.0,Unknown Library,55.271757,0.845671,0.549721,0.632522,0.370978,151225,0,0.0,0.0,0.529338,0.504065,0.022401,0.065479,0.910767,1.0,1.0,0.0,0.001365,0.907944,0.381429,0.561842,124324165.0,124324165.0,124710605.0,116289159.0,114431512.0,2109360.0,0.00179,0.0,0.000133,0.00187,0.0,2256317.0,2256317.0,0.0,0.0,0.0,0.0,2731027.0,423352.0,169707.0,0.500039,0,2256317.0,0.0,2893230.0,5149547.0,47420811.0,0.9534252454406527,51.0,pass,pass,Sanger / Illumina 1.9,Conventional base calls,FASTQC_OUT,fail,pass,pass,fail,pass,warn,pass,warn,fail,50-57,warn,0.0,47.31018209794946,5181931.0,female,NA,0.5,(y_counts^2 / total_counts) > cutoff,1804505,57584,535,7,3,0.000121561544873576,0.005607476635514018
lib45903_CE2DAANXX,18.0,50.8,2245874,142604,0.0,UNPAIRED,56579241.0,699531.0,5020202.0,0.0,686358.0,2780614.0,8415015.0,Unknown Library,54.846126,0.862726,0.564219,0.636135,0.381766,157510,0,0.0,0.0,0.51181,0.504753,0.025153,0.076121,0.897125,1.0,1.0,0.0,0.001617,0.894033,0.385315,0.572194,110547366.0,110547366.0,110929635.0,102907387.0,101282902.0,1881478.0,0.002003,0.0,0.000143,0.002123,0.0,2022561.0,2022561.0,0.0,0.0,0.0,0.0,2548794.0,459318.0,178760.0,0.500188,0,2022561.0,0.0,2705187.0,4727748.0,42595542.0,0.941744575218288,51.0,pass,pass,Sanger / Illumina 1.9,Conventional base calls,FASTQC_OUT,fail,pass,pass,fail,pass,warn,pass,warn,fail,50-57,warn,0.0,46.50498674264959,4769605.0,female,NA,0.5,(y_counts^2 / total_counts) > cutoff,1581364,49602,541,2,2,4.032095480020967e-05,0.0036968576709796672
lib45904_CE2DAANXX,15.8,49.4,1982307,157403,0.0,UNPAIRED,66698670.0,792624.0,5536613.0,0.0,786106.0,2444843.0,6350014.0,Unknown Library,55.273766,0.847554,0.564745,0.656232,0.37332,117017,0,0.0,0.0,0.545169,0.502064,0.019983,0.051903,0.926779,1.0,1.0,0.0,0.001348,0.923694,0.38161,0.579486,122345035.0,122345035.0,122753637.0,114336271.0,112626636.0,2074252.0,0.001883,0.0,0.000139,0.001982,0.0,2220830.0,2220830.0,0.0,0.0,0.0,0.0,2737391.0,432921.0,164904.0,0.500283,0,2220830.0,0.0,3060400.0,5281230.0,46688090.0,0.9538737852907545,51.0,pass,pass,Sanger / Illumina 1.9,Conventional base calls,FASTQC_OUT,fail,pass,pass,fail,pass,warn,pass,warn,fail,50-57,warn,0.0,45.823602083621026,5319156.0,female,NA,0.5,(y_counts^2 / total_counts) > cutoff,1799832,56861,492,5,3,8.793373313870667e-05,0.006097560975609756
lib45905_CE2DAANXX,16.9,52.8,1862183,128041,0.0,UNPAIRED,53867460.0,662267.0,4427322.0,0.0,648658.0,2509022.0,7996291.0,Unknown Library,55.276738,0.866313,0.537202,0.626943,0.399425,147513,0,0.0,0.0,0.51333,0.505191,0.02391,0.076201,0.898304,1.0,1.0,0.0,0.001604,0.895249,0.384973,0.544067,104937232.0,104937232.0,105295277.0,97666098.0,96085683.0,1771776.0,0.002169,0.0,0.000145,0.002298,0.0,1904875.0,1904875.0,0.0,0.0,0.0,0.0,2336783.0,394403.0,168369.0,0.500608,0,1904875.0,0.0,2273095.0,4177970.0,40398030.0,0.9436788198373645,50.0,pass,pass,Sanger / Illumina 1.9,Conventional base calls,FASTQC_OUT,fail,pass,pass,fail,pass,pass,pass,warn,fail,50-57,warn,0.0,49.37334059030359,4221120.0,female,NA,0.5,(y_counts^2 / total_counts) > cutoff,1496222,48313,511,671,20,0.01388860141162834,0.03913894324853229
lib45906_CE2DAANXX,19.5,50.4,3132433,174135,0.0,UNPAIRED,73469691.0,855350.0,6270111.0,0.0,852302.0,2898412.0,8741780.0,Unknown Library,54.846499,0.800421,0.593491,0.708141,0.376616,161315,0,0.0,0.0,0.551324,0.500892,0.02175,0.065599,0.911371,1.0,1.0,0.0,0.001294,0.908754,0.360046,0.594439,133260386.0,133260386.0,133644189.0,124415852.0,122503712.0,2273830.0,0.002066,0.0,0.000135,0.002184,0.0,2436695.0,2436695.0,0.0,0.0,0.0,0.0,3158012.0,614684.0,172374.0,0.500233,0,2436695.0,0.0,3571511.0,6008206.0,47979934.0,0.9582296070994596,53.0,pass,pass,Sanger / Illumina 1.9,Conventional base calls,FASTQC_OUT,fail,pass,pass,fail,pass,pass,pass,warn,fail,50-57,warn,0.0,43.935162521331335,6056617.0,female,NA,0.5,(y_counts^2 / total_counts) > cutoff,1938380,60438,520,968,19,0.016016413514676198,0.03653846153846154
lib45907_CE2DAANXX,12.0,87.7,2122,314,0.0,UNPAIRED,135719.0,1421.0,4995.0,0.0,1651.0,10087.0,12216.0,Unknown Library,54.396785,0.578434,0.520794,1.299065,0.972016,220,0,0.0,0.0,0.574448,0.462565,0.042694,0.051706,0.894553,1.0,1.0,0.0,0.011085,0.892143,0.320105,0.066652,236260.0,236260.0,236898.0,208413.0,195608.0,3840.0,0.002716,0.0,0.000102,0.002722,0.0,4355.0,4355.0,0.0,0.0,0.0,0.0,4381.0,524.0,2619.0,0.514581,0,4355.0,0.0,311.0,4666.0,75628.0,0.9341341341341342,53.0,pass,pass,Sanger / Illumina 1.9,Conventional base calls,FASTQC_OUT,pass,warn,pass,fail,pass,warn,pass,fail,pass,50-57,warn,0.0,93.41101694915255,4720.0,female,NA,0.5,(y_counts^2 / total_counts) > cutoff,3306,60,49,1,1,0.016666666666666666,0.02040816326530612
lib45908_CE2DAANXX,13.0,87.2,11056,1544,0.0,UNPAIRED,584199.0,7204.0,24142.0,0.0,7098.0,42656.0,57832.0,Unknown Library,54.683188,0.929949,0.342707,0.337838,0.867448,925,0,0.0,0.0,0.517284,0.503706,0.03777,0.051208,0.900591,1.0,1.0,0.0,0.010461,0.896759,0.383307,0.053571,1129358.0,1129358.0,1134184.0,992963.0,965426.0,18217.0,0.002681,0.0,0.000125,0.002773,0.0,20741.0,20741.0,0.0,0.0,0.0,0.0,21051.0,2740.0,11814.0,0.505954,0,20741.0,0.0,1174.0,21915.0,432891.0,0.9077541214480987,49.0,pass,pass,Sanger / Illumina 1.9,Conventional base calls,FASTQC_OUT,pass,pass,pass,fail,pass,warn,pass,fail,pass,50-57,warn,0.0,95.07900677200904,22150.0,female,NA,0.5,(y_counts^2 / total_counts) > cutoff,15748,471,173,1,1,0.0021231422505307855,0.005780346820809248
lib45909_CE2DAANXX,11.3,87.2,2149,346,0.0,UNPAIRED,152948.0,1627.0,5621.0,0.0,1807.0,9451.0,14112.0,Unknown Library,54.405172,0.761697,0.234203,0.896314,0.966226,259,0,0.0,0.0,0.578908,0.473791,0.035772,0.053414,0.901484,1.0,1.0,0.0,0.009334,0.898556,0.322576,0.070761,264201.0,264201.0,265062.0,235221.0,221732.0,4335.0,0.002993,0.0,9.1e-05,0.003077,0.0,4872.0,4872.0,0.0,0.0,0.0,0.0,4903.0,553.0,2466.0,0.518678,0,4872.0,0.0,371.0,5243.0,85225.0,0.9327521793275217,53.0,pass,pass,Sanger / Illumina 1.9,Conventional base calls,FASTQC_OUT,warn,warn,pass,fail,pass,warn,pass,fail,pass,50-57,warn,0.0,93.4302435340759,5297.0,female,NA,0.5,(y_counts^2 / total_counts) > cutoff,3730,96,53,3,3,0.03125,0.05660377358490566
lib45910_CE2DAANXX,17.1,52.3,1805342,126935,0.0,UNPAIRED,52974219.0,649742.0,4284950.0,0.0,634685.0,2219535.0,4834922.0,Unknown Library,55.273509,0.86521,0.533915,0.603747,0.391962,90348,0,0.0,0.0,0.530836,0.505861,0.022241,0.048449,0.927818,1.0,1.0,0.0,0.001505,0.924775,0.396982,0.55336,99793991.0,99793991.0,100122379.0,92876316.0,91399500.0,1684794.0,0.001886,0.0,0.000135,0.001992,0.0,1811399.0,1811399.0,0.0,0.0,0.0,0.0,2242296.0,382680.0,150237.0,0.499853,0,1811399.0,0.0,2244212.0,4055611.0,39616458.0,0.946478021913908,50.0,pass,pass,Sanger / Illumina 1.9,Conventional base calls,FASTQC_OUT,fail,pass,pass,fail,pass,warn,pass,warn,fail,50-57,warn,0.0,48.45041160094689,4084940.0,female,NA,0.5,(y_counts^2 / total_counts) > cutoff,1467511,47173,497,667,21,0.014139444173573866,0.04225352112676056
lib45911_CE2DAANXX,16.0,54.9,1591874,116426,0.0,UNPAIRED,48301005.0,601089.0,3829969.0,0.0,586558.0,2347303.0,7828748.0,Unknown Library,55.202034,0.865095,0.527842,0.592193,0.401631,144274,0,0.0,0.0,0.505125,0.506118,0.024548,0.081872,0.891843,1.0,1.0,0.0,0.001751,0.888918,0.386717,0.51993,95621795.0,95621795.0,95936443.0,89043289.0,87223449.0,1617285.0,0.002073,0.0,0.000135,0.002183,0.0,1737915.0,1737915.0,0.0,0.0,0.0,0.0,2101897.0,337118.0,167437.0,0.500058,0,1737915.0,0.0,1882213.0,3620128.0,36978589.0,0.9452107836904163,50.0,pass,pass,Sanger / Illumina 1.9,Conventional base calls,FASTQC_OUT,fail,pass,pass,fail,pass,pass,pass,warn,warn,50-57,warn,0.0,51.19449074097494,3655531.0,female,NA,0.5,(y_counts^2 / total_counts) > cutoff,1356585,42861,528,3,2,6.999370056694898e-05,0.003787878787878788
lib45912_CE2DAANXX,14.1,56.8,1581367,140159,0.0,UNPAIRED,59346700.0,732555.0,4271604.0,0.0,720963.0,2595111.0,7191955.0,Unknown Library,54.840178,0.855674,0.545342,0.634493,0.381557,136119,0,0.0,0.0,0.52526,0.503988,0.022969,0.063654,0.912008,1.0,1.0,0.0,0.001379,0.909098,0.386748,0.489547,112985293.0,112985293.0,113346916.0,105622313.0,103841405.0,1931096.0,0.001952,0.0,0.000126,0.002044,0.0,2066859.0,2066859.0,0.0,0.0,0.0,0.0,2424792.0,342561.0,155792.0,0.500495,0,2066859.0,0.0,1982206.0,4049065.0,43696789.0,0.9479027082098435,51.0,pass,pass,Sanger / Illumina 1.9,Conventional base calls,FASTQC_OUT,fail,pass,pass,fail,pass,warn,pass,warn,warn,50-57,warn,0.0,54.03686619232002,4081169.0,female,NA,0.5,(y_counts^2 / total_counts) > cutoff,1654818,52391,529,6,5,0.00011452348685842989,0.00945179584120983
lib45913_CE2DAANXX,16.3,55.3,1534020,110078,0.0,UNPAIRED,44900336.0,570354.0,3577578.0,0.0,550855.0,2281481.0,7161559.0,Unknown Library,55.291375,0.891913,0.484572,0.541477,0.420143,132224,0,0.0,0.0,0.496719,0.508696,0.025239,0.079226,0.893665,1.0,1.0,0.0,0.001888,0.890628,0.396946,0.511754,90393832.0,90393832.0,90702073.0,83991726.0,82673127.0,1523243.0,0.001933,0.0,0.000135,0.00204,0.0,1640438.0,1640438.0,0.0,0.0,0.0,0.0,1977578.0,323266.0,170684.0,0.501323,0,1640438.0,0.0,1719419.0,3359857.0,35881439.0,0.9391429061784258,49.0,pass,pass,Sanger / Illumina 1.9,Conventional base calls,FASTQC_OUT,fail,pass,pass,fail,pass,pass,pass,warn,warn,50-57,warn,0.0,52.11477668477824,3392800.0,female,NA,0.5,(y_counts^2 / total_counts) > cutoff,1280941,39834,523,2,2,5.020836471356128e-05,0.0038240917782026767
lib45914_CE2DAANXX,17.4,48.4,2540286,165289,0.0,UNPAIRED,72194599.0,825417.0,6087833.0,0.0,822555.0,2528206.0,7347223.0,Unknown Library,54.867166,0.784306,0.577407,0.713393,0.37419,135555,0,0.0,0.0,0.56802,0.500868,0.019892,0.057807,0.920886,1.0,1.0,0.0,0.001427,0.918402,0.352866,0.604944,127098647.0,127098647.0,127442436.0,118962257.0,117022282.0,2173097.0,0.001846,0.0,0.000121,0.001941,0.0,2322745.0,2322745.0,0.0,0.0,0.0,0.0,2944777.0,511516.0,181427.0,0.500384,0,2322745.0,0.0,3556789.0,5879534.0,44848823.0,0.9657843768053427,53.0,pass,pass,Sanger / Illumina 1.9,Conventional base calls,FASTQC_OUT,fail,pass,pass,fail,pass,pass,pass,warn,fail,50-57,warn,0.0,43.0406641930185,5915732.0,female,NA,0.5,(y_counts^2 / total_counts) > cutoff,1872253,57782,511,7,4,0.00012114499325049324,0.007827788649706457
lib45915_CE2DAANXX,17.4,51.0,2035821,133131,0.0,UNPAIRED,54994201.0,677407.0,4731327.0,0.0,669118.0,2500273.0,7459560.0,Unknown Library,54.861899,0.851321,0.522765,0.60419,0.393744,138011,0,0.0,0.0,0.518733,0.503078,0.023584,0.070362,0.904442,1.0,1.0,0.0,0.001627,0.90156,0.385709,0.567365,106016329.0,106016329.0,106355223.0,98825486.0,97304820.0,1805931.0,0.001932,0.0,0.000133,0.002049,0.0,1938599.0,1938599.0,0.0,0.0,0.0,0.0,2413467.0,420223.0,172493.0,0.500297,0,1938599.0,0.0,2542316.0,4480915.0,40891435.0,0.9470736222628451,51.0,pass,pass,Sanger / Illumina 1.9,Conventional base calls,FASTQC_OUT,warn,pass,pass,fail,pass,warn,pass,warn,fail,50-57,warn,0.0,46.79751553161463,4516600.0,female,NA,0.5,(y_counts^2 / total_counts) > cutoff,1534789,48232,518,668,21,0.013849726322773263,0.04054054054054054
lib45916_CE2DAANXX,15.6,57.2,1623868,124262,0.0,UNPAIRED,51298002.0,650657.0,3831235.0,0.0,630998.0,2443705.0,7328274.0,Unknown Library,55.254947,0.884365,0.50379,0.570681,0.402067,135002,0,0.0,0.0,0.504311,0.507669,0.024024,0.072044,0.902401,1.0,1.0,0.0,0.001542,0.899446,0.39809,0.48935,101718933.0,101718933.0,102053124.0,94794651.0,93153162.0,1720122.0,0.001955,0.0,0.000134,0.002058,0.0,1846950.0,1846950.0,0.0,0.0,0.0,0.0,2189871.0,341162.0,156855.0,0.500495,0,1846950.0,0.0,1769908.0,3616858.0,40493274.0,0.9440449359018698,50.0,pass,pass,Sanger / Illumina 1.9,Conventional base calls,FASTQC_OUT,fail,pass,pass,fail,pass,warn,pass,warn,warn,50-57,warn,0.0,54.13701235373012,3647676.0,female,NA,0.5,(y_counts^2 / total_counts) > cutoff,1460858,46242,515,658,17,0.014229488343929762,0.03300970873786408
lib45917_CE2DAANXX,16.6,53.5,1863543,132003,0.0,UNPAIRED,55150471.0,683032.0,4413965.0,0.0,666504.0,2479407.0,6911850.0,Unknown Library,55.288008,0.852342,0.534946,0.613445,0.393292,128199,0,0.0,0.0,0.518109,0.506124,0.023293,0.064933,0.910203,1.0,1.0,0.0,0.001585,0.907233,0.392094,0.537361,106445689.0,106445689.0,106794150.0,99329352.0,97828190.0,1801244.0,0.001966,0.0,0.000134,0.002084,0.0,1931597.0,1931597.0,0.0,0.0,0.0,0.0,2362567.0,391285.0,168712.0,0.500272,0,1931597.0,0.0,2243572.0,4175169.0,41736705.0,0.9458998881957605,50.0,pass,pass,Sanger / Illumina 1.9,Conventional base calls,FASTQC_OUT,fail,pass,pass,fail,pass,warn,pass,warn,fail,50-57,warn,0.0,49.59971823485853,4216339.0,female,NA,0.5,(y_counts^2 / total_counts) > cutoff,1541042,47818,519,5,2,0.00010456313522104647,0.0038535645472061657
lib45918_CE2DAANXX,16.9,53.3,2336618,156225,0.0,UNPAIRED,66738022.0,817526.0,5347767.0,0.0,802858.0,3069910.0,8529269.0,Unknown Library,55.280855,0.85846,0.538518,0.605473,0.375238,159923,0,0.0,0.0,0.521088,0.504526,0.02397,0.066596,0.908193,1.0,1.0,0.0,0.001251,0.905088,0.387105,0.540758,128074347.0,128074347.0,128513726.0,119484889.0,117657167.0,2167375.0,0.001947,0.0,0.00014,0.00207,0.0,2324742.0,2324742.0,0.0,0.0,0.0,0.0,2852009.0,481871.0,160224.0,0.499722,0,2324742.0,0.0,2737383.0,5062125.0,49578200.0,0.9465866781406146,50.0,pass,pass,Sanger / Illumina 1.9,Conventional base calls,FASTQC_OUT,fail,pass,pass,fail,pass,pass,pass,warn,fail,50-57,warn,0.0,49.30847473759739,5110881.0,female,NA,0.5,(y_counts^2 / total_counts) > cutoff,1851227,59063,512,8,3,0.0001354485887950155,0.005859375
lib45919_CE2DAANXX,15.8,52.0,1916814,146454,0.0,UNPAIRED,62350295.0,760732.0,4991191.0,0.0,747339.0,2525621.0,6795863.0,Unknown Library,55.217441,0.85798,0.538458,0.621497,0.381831,125595,0,0.0,0.0,0.531307,0.50444,0.021522,0.05791,0.919118,1.0,1.0,0.0,0.001461,0.916267,0.387811,0.551076,117352696.0,117352696.0,117717953.0,109689044.0,107600963.0,1991593.0,0.002011,0.0,0.000125,0.002116,0.0,2131898.0,2131898.0,0.0,0.0,0.0,0.0,2593798.0,409896.0,171470.0,0.500394,0,2131898.0,0.0,2617013.0,4748911.0,45510724.0,0.9514584795492699,50.0,pass,pass,Sanger / Illumina 1.9,Conventional base calls,FASTQC_OUT,fail,pass,pass,fail,pass,pass,pass,warn,fail,50-57,warn,0.0,48.10437203388581,4792578.0,female,NA,0.5,(y_counts^2 / total_counts) > cutoff,1719544,55415,517,10,3,0.00018045655508436344,0.005802707930367505
lib45920_CE2DAANXX,15.8,53.8,1754484,134706,0.0,UNPAIRED,57495974.0,692771.0,4381135.0,0.0,685212.0,2227319.0,6002202.0,Unknown Library,54.85648,0.862669,0.541101,0.638259,0.386405,110102,0,0.0,0.0,0.540818,0.502743,0.020951,0.056458,0.921099,1.0,1.0,0.0,0.001504,0.918145,0.380281,0.532313,106312983.0,106312983.0,106654986.0,99126353.0,97556287.0,1811767.0,0.001983,0.0,0.000131,0.002087,0.0,1944255.0,1944255.0,0.0,0.0,0.0,0.0,2355790.0,372247.0,159879.0,0.500564,0,1944255.0,0.0,2212918.0,4157173.0,40428774.0,0.9488803700410967,51.0,pass,pass,Sanger / Illumina 1.9,Conventional base calls,FASTQC_OUT,fail,pass,pass,fail,pass,pass,pass,warn,warn,50-57,warn,0.0,50.0815732657425,4190988.0,female,NA,0.5,(y_counts^2 / total_counts) > cutoff,1566959,49965,514,4,2,8.005603922745922e-05,0.0038910505836575876
lib45921_CE2DAANXX,16.6,50.3,2534296,165483,0.0,UNPAIRED,66950193.0,880628.0,6385057.0,0.0,844550.0,3867633.0,13431579.0,Unknown Library,54.844377,0.8862,0.533618,0.599921,0.380737,254798,0,0.0,0.0,0.47561,0.510456,0.027475,0.095417,0.875791,1.0,1.0,0.0,0.00133,0.872868,0.40018,0.568983,140766944.0,140766944.0,141238310.0,131342678.0,129155164.0,2401190.0,0.001977,0.0,0.000139,0.002098,0.0,2575256.0,2575256.0,0.0,0.0,0.0,0.0,3213016.0,533894.0,187168.0,0.500235,0,2575256.0,0.0,3399587.0,5974843.0,56332173.0,0.935754058264476,49.0,pass,pass,Sanger / Illumina 1.9,Conventional base calls,FASTQC_OUT,fail,pass,pass,fail,pass,pass,pass,warn,fail,50-57,warn,0.0,46.66905353530586,6026231.0,female,NA,0.5,(y_counts^2 / total_counts) > cutoff,1980909,64572,552,1,1,1.5486588614260052e-05,0.0018115942028985507
lib45922_CE2DAANXX,17.8,45.8,3736082,227841,0.0,UNPAIRED,97061753.0,1176849.0,9364340.0,0.0,1154475.0,4021076.0,11497563.0,Unknown Library,54.830707,0.825694,0.610382,0.716758,0.346254,217648,0,0.0,0.0,0.535285,0.504799,0.022176,0.063408,0.913413,1.0,1.0,0.0,0.001011,0.910839,0.378128,0.63083,181327124.0,181327124.0,181839570.0,170082296.0,167276528.0,3109021.0,0.00187,0.0,0.000124,0.001982,0.0,3316382.0,3316382.0,0.0,0.0,0.0,0.0,4285841.0,762211.0,183398.0,0.500301,0,3316382.0,0.0,5666971.0,8983353.0,68564828.0,0.9593151252517529,52.0,pass,pass,Sanger / Illumina 1.9,Conventional base calls,FASTQC_OUT,fail,pass,pass,fail,pass,pass,pass,warn,fail,50-57,warn,0.0,40.31086828717673,9038503.0,female,NA,0.5,(y_counts^2 / total_counts) > cutoff,2663532,84846,553,8,6,9.428847559107088e-05,0.0108499095840868
lib45923_CE2DAANXX,15.9,49.2,2866270,197746,0.0,UNPAIRED,82091337.0,1052234.0,7740491.0,0.0,1016276.0,4599778.0,17001381.0,Unknown Library,55.271015,0.880012,0.549133,0.622,0.358551,320351,0,0.0,0.0,0.481826,0.508692,0.026998,0.099788,0.872124,1.0,1.0,0.0,0.0011,0.86931,0.390297,0.578448,170375414.0,170375414.0,170926831.0,159819759.0,157192932.0,2899059.0,0.001913,0.0,0.000137,0.002028,0.0,3092522.0,3092522.0,0.0,0.0,0.0,0.0,3811631.0,604666.0,187455.0,0.500567,0,3092522.0,0.0,4243515.0,7336037.0,66497067.0,0.9477482759168637,50.0,pass,pass,Sanger / Illumina 1.9,Conventional base calls,FASTQC_OUT,fail,pass,pass,fail,pass,pass,pass,warn,fail,50-57,warn,0.0,45.64937970144933,7397650.0,female,NA,0.5,(y_counts^2 / total_counts) > cutoff,2380962,75183,586,6,5,7.9805275128686e-05,0.008532423208191127
lib45924_CE2DAANXX,15.7,50.6,2057409,156421,0.0,UNPAIRED,65220443.0,833909.0,5574638.0,0.0,802991.0,2793783.0,7087492.0,Unknown Library,55.272813,0.882369,0.517162,0.589695,0.381083,131788,0,0.0,0.0,0.511227,0.509444,0.021899,0.055555,0.921285,1.0,1.0,0.0,0.001272,0.918215,0.410058,0.559042,127576315.0,127576315.0,128002936.0,119252521.0,117290406.0,2163284.0,0.0019,0.0,0.000134,0.00201,0.0,2315839.0,2315839.0,0.0,0.0,0.0,0.0,2820853.0,442805.0,162252.0,0.500639,0,2315839.0,0.0,2935998.0,5251837.0,52313739.0,0.9420947153877974,50.0,pass,pass,Sanger / Illumina 1.9,Conventional base calls,FASTQC_OUT,fail,pass,pass,fail,pass,warn,pass,warn,fail,50-57,warn,0.0,47.65676914353362,5295649.0,female,NA,0.5,(y_counts^2 / total_counts) > cutoff,1875075,59525,521,4,3,6.719865602687946e-05,0.005758157389635317
lib45925_CE2DAANXX,17.1,45.8,3608104,225651,0.0,UNPAIRED,93350871.0,1194033.0,9543537.0,0.0,1154175.0,4786904.0,16235202.0,Unknown Library,55.267025,0.863656,0.57207,0.658912,0.342605,304665,0,0.0,0.0,0.491885,0.508487,0.025223,0.085547,0.888247,1.0,1.0,0.0,0.000994,0.885231,0.396362,0.618331,189781738.0,189781738.0,190428337.0,177968556.0,175136718.0,3228960.0,0.001896,0.0,0.000142,0.00201,0.0,3445605.0,3445605.0,0.0,0.0,0.0,0.0,4370049.0,746751.0,188626.0,0.500219,0,3445605.0,0.0,5582117.0,9027722.0,75222259.0,0.9459513804997036,50.0,pass,pass,Sanger / Illumina 1.9,Conventional base calls,FASTQC_OUT,fail,pass,pass,fail,pass,warn,pass,warn,fail,50-57,warn,0.0,41.57734828095962,9110158.0,male,NA,0.5,(y_counts^2 / total_counts) > cutoff,2698644,85956,571,1393,21,0.016205965842989438,0.03677758318739054
lib45926_CE2DAANXX,14.9,48.3,2509843,202482,0.0,UNPAIRED,83059321.0,1073247.0,7693215.0,0.0,1037861.0,4058384.0,11513443.0,Unknown Library,55.266748,0.868613,0.574626,0.635856,0.360882,219520,0,0.0,0.0,0.4958,0.508381,0.024225,0.068726,0.905966,1.0,1.0,0.0,0.001092,0.902765,0.410166,0.580168,167525721.0,167525721.0,168119735.0,156769572.0,154209062.0,2844861.0,0.001868,0.0,0.000131,0.001967,0.0,3041969.0,3041969.0,0.0,0.0,0.0,0.0,3718642.0,553212.0,182934.0,0.500487,0,3041969.0,0.0,4203717.0,7245686.0,68713284.0,0.9418280913766222,50.0,pass,pass,Sanger / Illumina 1.9,Conventional base calls,FASTQC_OUT,fail,pass,pass,fail,pass,warn,pass,warn,fail,50-57,warn,0.0,45.45235716053087,7305950.0,female,NA,0.5,(y_counts^2 / total_counts) > cutoff,2422859,75473,628,1091,25,0.014455500642613915,0.03980891719745223
lib45927_CE2DAANXX,16.2,48.3,2435624,170971,0.0,UNPAIRED,71489885.0,896505.0,6616231.0,0.0,868647.0,3424130.0,11577919.0,Unknown Library,55.254817,0.868776,0.555219,0.637136,0.366831,215663,0,0.0,0.0,0.503268,0.507891,0.024105,0.081505,0.893142,1.0,1.0,0.0,0.001259,0.890203,0.389874,0.587871,142051290.0,142051290.0,142520241.0,132954914.0,130682528.0,2412667.0,0.001976,0.0,0.000134,0.002086,0.0,2579327.0,2579327.0,0.0,0.0,0.0,0.0,3196805.0,516519.0,178783.0,0.50013,0,2579327.0,0.0,3679215.0,6258542.0,55382127.0,0.9459376493958569,50.0,pass,pass,Sanger / Illumina 1.9,Conventional base calls,FASTQC_OUT,fail,pass,pass,fail,pass,warn,pass,warn,fail,50-57,warn,0.0,44.630727084514874,6314154.0,female,NA,0.5,(y_counts^2 / total_counts) > cutoff,2026033,63318,561,7,3,0.00011055308127230803,0.0053475935828877
lib45928_CE2DAANXX,14.6,55.9,1822161,153397,0.0,UNPAIRED,65599118.0,802746.0,4848439.0,0.0,788591.0,2913096.0,9313401.0,Unknown Library,55.259439,0.867668,0.560165,0.637043,0.380056,172961,0,0.0,0.0,0.518776,0.504448,0.023038,0.073653,0.902059,1.0,1.0,0.0,0.00126,0.899229,0.383283,0.502304,126449701.0,126449701.0,126847711.0,118190075.0,116194975.0,2144427.0,0.001935,0.0,0.000126,0.00203,0.0,2295494.0,2295494.0,0.0,0.0,0.0,0.0,2711111.0,395046.0,159356.0,0.500259,0,2295494.0,0.0,2316751.0,4612245.0,48465979.0,0.9512845268343069,50.0,pass,pass,Sanger / Illumina 1.9,Conventional base calls,FASTQC_OUT,fail,pass,pass,fail,pass,warn,pass,warn,warn,50-57,warn,0.0,52.74662244128956,4649277.0,female,NA,0.5,(y_counts^2 / total_counts) > cutoff,1818069,56261,549,2,1,3.554860382858463e-05,0.0018214936247723133
lib45929_CE2DAANXX,18.2,54.6,2478854,131603,0.0,UNPAIRED,51287555.0,670036.0,4899054.0,0.0,650526.0,3884611.0,18920502.0,Unknown Library,54.836082,0.884521,0.507064,0.563347,0.413117,355297,0,0.0,0.0,0.436097,0.507387,0.033031,0.160881,0.804556,1.0,1.0,0.0,0.001547,0.801718,0.368459,0.528362,117605897.0,117605897.0,118022164.0,109473168.0,107677027.0,2001968.0,0.00212,0.0,0.000163,0.002256,0.0,2152272.0,2152272.0,0.0,0.0,0.0,0.0,2673558.0,485954.0,181915.0,0.500903,0,2152272.0,0.0,2411130.0,4563402.0,43332960.0,0.9314863645103728,50.0,pass,pass,Sanger / Illumina 1.9,Conventional base calls,FASTQC_OUT,fail,pass,pass,fail,pass,pass,pass,warn,warn,50-57,warn,0.0,50.91306197237584,4612687.0,male,NA,0.5,(y_counts^2 / total_counts) > cutoff,1515068,47261,557,875,22,0.018514208332451706,0.03949730700179533
lib45930_CE2DAANXX,16.0,50.6,3038984,211456,0.0,UNPAIRED,87404217.0,1115057.0,7839645.0,0.0,1083024.0,4634357.0,15221318.0,Unknown Library,54.856673,0.837316,0.571699,0.658277,0.357752,290944,0,0.0,0.0,0.494896,0.507287,0.02624,0.086185,0.886559,1.0,1.0,0.0,0.001024,0.884004,0.391663,0.566942,176611357.0,176611357.0,177121883.0,165409193.0,162841534.0,3022169.0,0.001913,0.0,0.000136,0.002021,0.0,3228812.0,3228812.0,0.0,0.0,0.0,0.0,3966859.0,633232.0,180841.0,0.500478,0,3228812.0,0.0,4227025.0,7455837.0,69172149.0,0.9510426811418119,51.0,pass,pass,Sanger / Illumina 1.9,Conventional base calls,FASTQC_OUT,warn,pass,pass,fail,pass,warn,pass,warn,fail,50-57,warn,0.0,46.809439213026835,7515769.0,male,NA,0.5,(y_counts^2 / total_counts) > cutoff,2519769,79272,590,1278,22,0.01612170753860127,0.03728813559322034
lib45931_CE2DAANXX,16.8,52.1,2063128,141460,0.0,UNPAIRED,59429265.0,739700.0,4941496.0,0.0,722086.0,2637414.0,8128870.0,Unknown Library,54.849099,0.875023,0.5324,0.61765,0.386504,150526,0,0.0,0.0,0.517291,0.506025,0.022957,0.070756,0.904852,1.0,1.0,0.0,0.001446,0.902012,0.387562,0.551998,114885622.0,114885622.0,115247446.0,107180659.0,105388247.0,1959120.0,0.001971,0.0,0.000132,0.002063,0.0,2101173.0,2101173.0,0.0,0.0,0.0,0.0,2573219.0,431756.0,166126.0,0.500577,0,2101173.0,0.0,2588920.0,4690093.0,44525269.0,0.9491241114027007,51.0,pass,pass,Sanger / Illumina 1.9,Conventional base calls,FASTQC_OUT,fail,pass,pass,fail,pass,warn,pass,warn,fail,50-57,warn,0.0,48.28939327785909,4721481.0,female,NA,0.5,(y_counts^2 / total_counts) > cutoff,1667134,53418,538,3,3,5.616084465910367e-05,0.0055762081784386614
lib45932_CE2DAANXX,16.3,53.7,1792758,128374,0.0,UNPAIRED,53444991.0,670286.0,4299042.0,0.0,651429.0,2486520.0,7734332.0,Unknown Library,55.2663,0.871057,0.535452,0.603408,0.397041,142516,0,0.0,0.0,0.507668,0.507134,0.023619,0.073468,0.901367,1.0,1.0,0.0,0.001557,0.898399,0.393699,0.530694,105275380.0,105275380.0,105623240.0,98196218.0,96508847.0,1781599.0,0.002009,0.0,0.000133,0.002099,0.0,1911169.0,1911169.0,0.0,0.0,0.0,0.0,2308253.0,376351.0,163899.0,0.500071,0,1911169.0,0.0,2161164.0,4072333.0,41446797.0,0.9472652279275243,50.0,pass,pass,Sanger / Illumina 1.9,Conventional base calls,FASTQC_OUT,warn,pass,pass,fail,pass,pass,pass,warn,warn,50-57,warn,0.0,50.24896772501418,4101372.0,female,NA,0.5,(y_counts^2 / total_counts) > cutoff,1510709,48775,525,7,4,0.00014351614556637623,0.007619047619047619
lib45933_CE2DAANXX,11.5,54.8,2272183,204843,0.0,UNPAIRED,113055553.0,1291326.0,7740945.0,0.0,1285672.0,4213573.0,19939229.0,Unknown Library,54.897897,0.883942,0.58194,0.703759,0.341336,370054,0,0.0,0.0,0.554917,0.501097,0.020682,0.097869,0.880627,1.0,1.0,0.0,0.00083,0.878457,0.32571,0.505219,203734326.0,203734326.0,204237470.0,192787233.0,189611176.0,3519110.0,0.001713,0.0,0.00011,0.001781,0.0,3720315.0,3720315.0,0.0,0.0,0.0,0.0,4243523.0,488991.0,169111.0,0.500201,0,3720315.0,0.0,3798796.0,7519111.0,66358335.0,0.9713427753329859,50.0,pass,pass,Sanger / Illumina 1.9,Conventional base calls,FASTQC_OUT,fail,pass,pass,fail,pass,pass,pass,warn,warn,50-57,warn,0.0,52.254071464279306,7563305.0,male,NA,0.5,(y_counts^2 / total_counts) > cutoff,2944213,91141,618,1942,26,0.021307644199646703,0.042071197411003236
lib45934_CE2DAANXX,10.1,61.4,1777625,185257,0.0,UNPAIRED,99350393.0,1189845.0,6375297.0,0.0,1175849.0,4555540.0,25481111.0,Unknown Library,55.29043,0.876735,0.572619,0.654225,0.344018,467698,0,0.0,0.0,0.508289,0.502958,0.023307,0.130364,0.845519,1.0,1.0,0.0,0.000816,0.843301,0.33723,0.425333,195460576.0,195460576.0,195974717.0,185086616.0,181807835.0,3355000.0,0.00177,0.0,0.000117,0.001836,0.0,3544460.0,3544460.0,0.0,0.0,0.0,0.0,3911546.0,395324.0,159533.0,0.499902,0,3544460.0,0.0,2623390.0,6167850.0,65915251.0,0.9674608100610842,49.0,pass,pass,Sanger / Illumina 1.9,Conventional base calls,FASTQC_OUT,fail,pass,pass,fail,pass,pass,pass,warn,warn,50-57,warn,0.0,60.133125213586005,6208588.0,male,NA,0.5,(y_counts^2 / total_counts) > cutoff,2702045,86940,565,1931,20,0.022210720036806995,0.035398230088495575
lib45935_CE2DAANXX,16.6,54.1,3469866,186997,0.0,UNPAIRED,97504679.0,1120859.0,7358721.0,0.0,1110465.0,4075117.0,19326142.0,Unknown Library,55.297613,0.886856,0.577639,0.672506,0.342496,354120,0,0.0,0.0,0.539092,0.502329,0.022531,0.106852,0.869724,1.0,1.0,0.0,0.0009,0.867298,0.330632,0.536416,180868357.0,180868357.0,181374291.0,170606950.0,167980745.0,3092294.0,0.001815,0.0,0.000123,0.001914,0.0,3279966.0,3279966.0,0.0,0.0,0.0,0.0,3978042.0,658578.0,162799.0,0.50039,0,3279966.0,0.0,3795276.0,7075242.0,59800924.0,0.9614771371274982,50.0,pass,pass,Sanger / Illumina 1.9,Conventional base calls,FASTQC_OUT,fail,pass,pass,fail,pass,pass,pass,warn,fail,50-57,warn,0.0,49.37892179591138,7138438.0,male,NA,0.5,(y_counts^2 / total_counts) > cutoff,2551177,79497,541,1509,23,0.018981848371636665,0.04251386321626617
lib45936_CE2DAANXX,12.6,53.0,2041044,179536,0.0,UNPAIRED,96651116.0,1088186.0,6646911.0,0.0,1079710.0,3205729.0,11426812.0,Unknown Library,55.319696,0.857759,0.578174,0.692591,0.343367,210477,0,0.0,0.0,0.577444,0.501955,0.019153,0.06827,0.911611,1.0,1.0,0.0,0.000974,0.909117,0.334167,0.528205,167377483.0,167377483.0,167836695.0,158075325.0,155520824.0,2864155.0,0.001806,0.0,0.000117,0.001891,0.0,3033941.0,3033941.0,0.0,0.0,0.0,0.0,3521493.0,444334.0,162942.0,0.500451,0,3033941.0,0.0,3396688.0,6430629.0,55932095.0,0.9674612763733409,50.0,pass,pass,Sanger / Illumina 1.9,Conventional base calls,FASTQC_OUT,fail,pass,pass,fail,pass,pass,pass,warn,warn,50-57,warn,0.0,50.1632045843666,6477639.0,male,NA,0.5,(y_counts^2 / total_counts) > cutoff,2474142,77852,540,1327,20,0.01704516261624621,0.037037037037037035
lib45937_CE2DAANXX,12.8,53.8,1587110,138736,0.0,UNPAIRED,77114460.0,847279.0,5060016.0,0.0,845686.0,2193361.0,7956246.0,Unknown Library,55.32112,0.869942,0.557501,0.650972,0.368871,144612,0,0.0,0.0,0.598339,0.50047,0.017019,0.061733,0.920101,1.0,1.0,0.0,0.001154,0.917626,0.321762,0.523338,128880877.0,128880877.0,129228533.0,121484345.0,119485278.0,2201091.0,0.001896,0.0,0.000118,0.001991,0.0,2335971.0,2335971.0,0.0,0.0,0.0,0.0,2721589.0,348541.0,148749.0,0.500049,0,2335971.0,0.0,2564714.0,4900685.0,41469023.0,0.9685117596466098,50.0,pass,pass,Sanger / Illumina 1.9,Conventional base calls,FASTQC_OUT,fail,pass,pass,fail,pass,pass,pass,warn,warn,50-57,warn,0.0,50.9996976587463,4933445.0,female,NA,0.5,(y_counts^2 / total_counts) > cutoff,1917743,59945,498,3,2,5.0045875385770286e-05,0.004016064257028112
lib45938_CE2DAANXX,11.8,53.0,1844505,178663,0.0,UNPAIRED,96902519.0,1092350.0,6488288.0,0.0,1085519.0,2705659.0,9495152.0,Unknown Library,54.896628,0.852623,0.590494,0.701923,0.339788,172636,0,0.0,0.0,0.591768,0.501568,0.016523,0.057985,0.924594,1.0,1.0,0.0,0.000903,0.922257,0.332826,0.524455,163750740.0,163750740.0,164165842.0,154696256.0,152278393.0,2823925.0,0.001773,0.0,0.000112,0.001856,0.0,2990454.0,2990454.0,0.0,0.0,0.0,0.0,3438321.0,406740.0,147793.0,0.499972,0,2990454.0,0.0,3298028.0,6288482.0,54500511.0,0.9692051277625161,51.0,pass,pass,Sanger / Illumina 1.9,Conventional base calls,FASTQC_OUT,fail,pass,pass,fail,pass,pass,pass,warn,warn,50-57,warn,0.0,50.4516064216122,6326549.0,female,NA,0.5,(y_counts^2 / total_counts) > cutoff,2472626,77899,517,4,4,5.1348541059577143e-05,0.007736943907156673
lib45939_CE2DAANXX,47.7,66.4,7234795,69222,0.0,UNPAIRED,21583883.0,361255.0,3644230.0,0.0,361004.0,3688688.0,14716053.0,Unknown Library,55.258672,1.023437,0.364921,0.357462,0.582305,267521,0,0.0,0.0,0.30438,0.500174,0.052019,0.207529,0.738075,1.0,1.0,0.0,0.00241,0.732971,0.433695,0.601992,70910863.0,70910863.0,71404703.0,64192365.0,63269325.0,1167503.0,0.002455,0.0,0.000197,0.002755,0.0,1292190.0,1292190.0,0.0,0.0,0.0,0.0,2419360.0,1154353.0,170910.0,0.501028,0,1292190.0,0.0,1954451.0,3246641.0,30753660.0,0.8908990376567889,50.0,pass,pass,Sanger / Illumina 1.9,Conventional base calls,FASTQC_OUT,fail,warn,pass,fail,pass,pass,pass,warn,fail,50-57,warn,0.0,45.006168393070126,3309344.0,female,NA,0.5,(y_counts^2 / total_counts) > cutoff,830760,26528,417,431,14,0.016246984318455972,0.03357314148681055
lib45940_CE2DAANXX,45.3,69.6,5942534,65466,0.0,UNPAIRED,19793049.0,337027.0,3022178.0,0.0,336410.0,3498590.0,13206541.0,Unknown Library,55.221399,1.045621,0.347536,0.317195,0.602727,241546,0,0.0,0.0,0.30113,0.500458,0.053227,0.200923,0.743523,1.0,1.0,0.0,0.002354,0.73827,0.442393,0.550935,65729301.0,65729301.0,66196983.0,59397926.0,58442419.0,1081080.0,0.002463,0.0,0.000199,0.002741,0.0,1198756.0,1198756.0,0.0,0.0,0.0,0.0,2102545.0,952612.0,154740.0,0.500283,0,1198756.0,0.0,1470694.0,2669450.0,29078196.0,0.8832868216233458,49.0,pass,pass,Sanger / Illumina 1.9,Conventional base calls,FASTQC_OUT,fail,warn,pass,fail,pass,pass,pass,warn,fail,50-57,warn,0.0,49.78531108391832,2723083.0,female,NA,0.5,(y_counts^2 / total_counts) > cutoff,774068,23723,431,566,14,0.023858702524975763,0.03248259860788863
lib45941_CE2DAANXX,23.7,72.7,3105430,50483,0.0,UNPAIRED,17673432.0,233912.0,3103546.0,0.0,227961.0,27158355.0,40896865.0,Unknown Library,55.268024,0.996453,0.478609,0.463347,0.563845,1102017,0,0.0,0.0,0.173497,0.506442,0.26661,0.401478,0.330279,1.0,1.0,0.0,0.001659,0.328555,0.156781,0.299168,101865652.0,101865652.0,102399932.0,92719034.0,91311273.0,1683505.0,0.00279,0.0,0.000158,0.003365,0.0,1852788.0,1852788.0,0.0,0.0,0.0,0.0,2255275.0,535134.0,168991.0,0.500556,0,1852788.0,0.0,790908.0,2643696.0,15970603.0,0.8518307767953174,48.0,pass,pass,Sanger / Illumina 1.9,Conventional base calls,FASTQC_OUT,fail,warn,pass,fail,pass,pass,pass,warn,pass,50-57,warn,0.0,72.61405752882946,2731932.0,female,NA,0.5,(y_counts^2 / total_counts) > cutoff,531005,12331,592,386,29,0.031303219528018816,0.048986486486486486
lib45942_CE2DAANXX,12.6,67.7,1821627,139427,0.0,UNPAIRED,71171279.0,837681.0,4254343.0,0.0,826728.0,7004920.0,16664986.0,Unknown Library,54.785578,0.854025,0.532346,0.617496,0.393196,366999,0,0.0,0.0,0.503379,0.50329,0.049544,0.117868,0.831318,1.0,1.0,0.0,0.001279,0.8292,0.327939,0.361738,141387074.0,141387074.0,141748205.0,132614830.0,129536683.0,2425544.0,0.001892,0.0,0.000108,0.002023,0.0,2587327.0,2587327.0,0.0,0.0,0.0,0.0,2879702.0,362761.0,180876.0,0.500045,0,2587327.0,0.0,1466378.0,4053705.0,46366300.0,0.9528392515601116,48.0,pass,pass,Sanger / Illumina 1.9,Conventional base calls,FASTQC_OUT,fail,pass,pass,fail,pass,pass,pass,warn,warn,50-57,warn,0.0,65.73830518781944,4085240.0,male,NA,0.5,(y_counts^2 / total_counts) > cutoff,1919118,50353,619,1451,28,0.028816555120846823,0.045234248788368334
lib45943_CE2DAANXX,9.1,66.6,1342435,179641,0.0,UNPAIRED,91171323.0,1043069.0,5297197.0,0.0,1035259.0,8981399.0,24386987.0,Unknown Library,55.254128,0.846953,0.561852,0.661958,0.372438,522112,0,0.0,0.0,0.502877,0.501879,0.049539,0.134512,0.815046,1.0,1.0,0.0,0.00091,0.813093,0.312169,0.357005,181299507.0,181299507.0,181734860.0,170580928.0,167124778.0,3093464.0,0.00192,0.0,0.000107,0.002061,0.0,3289073.0,3289073.0,0.0,0.0,0.0,0.0,3528830.0,322820.0,165067.0,0.500025,0,3289073.0,0.0,1826168.0,5115241.0,56596047.0,0.9656505129033336,48.0,pass,pass,Sanger / Illumina 1.9,Conventional base calls,FASTQC_OUT,warn,pass,pass,fail,pass,pass,pass,warn,warn,50-57,warn,0.0,66.13036906027125,5155779.0,male,NA,0.5,(y_counts^2 / total_counts) > cutoff,2391711,61458,665,1592,34,0.025903869309121676,0.05112781954887218
lib45944_CE2DAANXX,10.7,63.7,1748184,181566,0.0,UNPAIRED,94559052.0,1070802.0,5571426.0,0.0,1065203.0,7437076.0,18790979.0,Unknown Library,54.8728,0.852599,0.579547,0.691296,0.36164,406105,0,0.0,0.0,0.534002,0.501311,0.041999,0.106118,0.850906,1.0,1.0,0.0,0.000986,0.848853,0.316904,0.39706,177076283.0,177076283.0,177504453.0,166652732.0,163857356.0,3043256.0,0.001796,0.0,0.000106,0.001914,0.0,3234835.0,3234835.0,0.0,0.0,0.0,0.0,3548438.0,378133.0,174598.0,0.499721,0,3234835.0,0.0,2130264.0,5365099.0,56116132.0,0.9629669316257633,49.0,pass,pass,Sanger / Illumina 1.9,Conventional base calls,FASTQC_OUT,warn,pass,pass,fail,pass,pass,pass,warn,warn,50-57,warn,0.0,62.394676133662266,5400444.0,male,NA,0.5,(y_counts^2 / total_counts) > cutoff,2455585,64651,630,1770,34,0.02737776677854944,0.05396825396825397
lib45945_CE2DAANXX,15.5,65.1,3001750,166652,0.0,UNPAIRED,83401664.0,959466.0,5589375.0,0.0,954887.0,10319961.0,25874971.0,Unknown Library,55.313379,0.838657,0.579712,0.692561,0.376327,566871,0,0.0,0.0,0.481787,0.501196,0.059615,0.149472,0.789808,1.0,1.0,0.0,0.001116,0.787628,0.308022,0.408303,173109169.0,173109169.0,173588263.0,162171415.0,159600249.0,2938345.0,0.001844,0.0,0.000116,0.001987,0.0,3138269.0,3138269.0,0.0,0.0,0.0,0.0,3637129.0,563339.0,193207.0,0.500181,0,3138269.0,0.0,2165574.0,5303843.0,53321350.0,0.9489152186067316,48.0,pass,pass,Sanger / Illumina 1.9,Conventional base calls,FASTQC_OUT,fail,pass,pass,fail,pass,pass,pass,warn,warn,50-57,warn,0.0,61.63591963698828,5357715.0,female,NA,0.5,(y_counts^2 / total_counts) > cutoff,2204822,59889,672,7,6,0.00011688290003172536,0.008928571428571428
lib45946_CE2DAANXX,14.8,61.6,3921093,230333,0.0,UNPAIRED,115103473.0,1319978.0,8009991.0,0.0,1309820.0,12947154.0,33367917.0,Unknown Library,55.314868,0.823521,0.595335,0.726802,0.341887,726201,0,0.0,0.0,0.492207,0.501931,0.055365,0.142688,0.801118,1.0,1.0,0.0,0.000837,0.799202,0.308911,0.450082,233851842.0,233851842.0,234412464.0,219974842.0,216591100.0,3984408.0,0.001782,0.0,0.000113,0.001912,0.0,4237784.0,4237784.0,0.0,0.0,0.0,0.0,4934650.0,729003.0,195771.0,0.499994,0,4237784.0,0.0,3468431.0,7706215.0,72239351.0,0.9620753631308699,49.0,pass,pass,Sanger / Illumina 1.9,Conventional base calls,FASTQC_OUT,fail,pass,pass,fail,pass,pass,pass,warn,warn,50-57,warn,0.0,57.507920956974864,7764751.0,female,NA,0.5,(y_counts^2 / total_counts) > cutoff,3027874,82575,712,11,8,0.00013321223130487435,0.011235955056179775
lib45947_CE2DAANXX,10.3,65.5,1752462,179920,0.0,UNPAIRED,95220260.0,1087104.0,5609221.0,0.0,1083615.0,10521248.0,21652477.0,Unknown Library,54.907481,0.84426,0.578263,0.699156,0.362839,504424,0,0.0,0.0,0.514398,0.500804,0.056838,0.116971,0.82533,1.0,1.0,0.0,0.000869,0.823302,0.310932,0.376525,185110231.0,185110231.0,185566148.0,174386489.0,171424527.0,3182626.0,0.001822,0.0,0.000107,0.001972,0.0,3379615.0,3379615.0,0.0,0.0,0.0,0.0,3675687.0,378680.0,160801.0,0.500054,0,3379615.0,0.0,2040991.0,5420606.0,57556757.0,0.9663741186164709,49.0,pass,pass,Sanger / Illumina 1.9,Conventional base calls,FASTQC_OUT,warn,pass,pass,fail,pass,pass,pass,warn,warn,50-57,warn,0.0,64.40774329982601,5458946.0,male,NA,0.5,(y_counts^2 / total_counts) > cutoff,2498282,66028,651,1624,35,0.024595626098019022,0.053763440860215055
lib45948_CE2DAANXX,10.3,64.7,1703631,186670,0.0,UNPAIRED,97800318.0,1102455.0,5591472.0,0.0,1098209.0,6644539.0,19425221.0,Unknown Library,55.294037,0.846913,0.580998,0.681929,0.360382,398818,0,0.0,0.0,0.535515,0.500965,0.036383,0.106365,0.85636,1.0,1.0,0.0,0.000899,0.854333,0.320845,0.387468,182628678.0,182628678.0,183062080.0,172130156.0,169137882.0,3119293.0,0.001757,0.0,0.000105,0.001844,0.0,3310702.0,3310702.0,0.0,0.0,0.0,0.0,3616174.0,373814.0,164193.0,0.500229,0,3310702.0,0.0,2094244.0,5404946.0,58595571.0,0.9666409846995567,49.0,pass,pass,Sanger / Illumina 1.9,Conventional base calls,FASTQC_OUT,fail,pass,pass,fail,pass,pass,pass,warn,warn,50-57,warn,0.0,63.24878078551838,5439315.0,male,NA,0.5,(y_counts^2 / total_counts) > cutoff,2533805,67247,654,1722,29,0.025607090279120257,0.04434250764525994
lib45949_CE2DAANXX,10.4,63.8,2084935,191962,0.0,UNPAIRED,98825463.0,1121331.0,6813341.0,0.0,1115996.0,22689192.0,38635354.0,Unknown Library,55.322006,0.831208,0.570787,0.703904,0.358119,987344,0,0.0,0.0,0.448214,0.501192,0.102905,0.175227,0.721078,1.0,1.0,0.0,0.000797,0.719354,0.272863,0.390241,220487067.0,220487067.0,221015231.0,207386361.0,204058686.0,3755968.0,0.001929,0.0,0.000113,0.002185,0.0,3995069.0,3995069.0,0.0,0.0,0.0,0.0,4344718.0,452961.0,175675.0,0.499845,0,3995069.0,0.0,2556816.0,6551885.0,60162817.0,0.9616258748828218,49.0,pass,pass,Sanger / Illumina 1.9,Conventional base calls,FASTQC_OUT,warn,pass,pass,fail,pass,pass,pass,warn,warn,50-57,warn,0.0,63.27384383808175,6615706.0,female,NA,0.5,(y_counts^2 / total_counts) > cutoff,2576662,68808,776,7,4,0.00010173235670270899,0.005154639175257732
lib45950_CE2DAANXX,12.0,65.5,1945274,159224,0.0,UNPAIRED,83747857.0,946496.0,5022433.0,0.0,942680.0,9228834.0,19317745.0,Unknown Library,54.876597,0.835292,0.579071,0.697721,0.374249,448538,0,0.0,0.0,0.517502,0.50101,0.057028,0.11937,0.822512,1.0,1.0,0.0,0.001099,0.820554,0.305011,0.38623,161831102.0,161831102.0,162217251.0,151974077.0,149462337.0,2774761.0,0.001817,0.0,0.000109,0.001967,0.0,2956037.0,2956037.0,0.0,0.0,0.0,0.0,3289790.0,394826.0,177837.0,0.499767,0,2956037.0,0.0,1860160.0,4816197.0,49360200.0,0.958937033107261,49.0,pass,pass,Sanger / Illumina 1.9,Conventional base calls,FASTQC_OUT,fail,pass,pass,fail,pass,pass,pass,warn,warn,50-57,warn,0.0,63.56703783820936,4851947.0,female,NA,0.5,(y_counts^2 / total_counts) > cutoff,2166999,60025,672,8,8,0.00013327780091628488,0.011904761904761904
lib45951_CE2DAANXX,12.2,70.4,2586508,152396,0.0,UNPAIRED,75332015.0,889120.0,6013630.0,0.0,885197.0,29903038.0,56090516.0,Unknown Library,55.332453,0.840688,0.569933,0.679036,0.376693,1403863,0,0.0,0.0,0.354571,0.501105,0.140747,0.264005,0.594395,1.0,1.0,0.0,0.000861,0.592792,0.239825,0.328142,212459670.0,212459670.0,213034317.0,198977718.0,195695631.0,3603636.0,0.002245,0.0,0.00013,0.002582,0.0,3850079.0,3850079.0,0.0,0.0,0.0,0.0,4235220.0,516397.0,183006.0,0.499974,0,3850079.0,0.0,1880420.0,5730499.0,50953047.0,0.9529184535796184,47.0,pass,pass,Sanger / Illumina 1.9,Conventional base calls,FASTQC_OUT,fail,pass,pass,fail,pass,pass,pass,warn,warn,50-57,warn,0.0,69.26401837951681,5810762.0,male,NA,0.5,(y_counts^2 / total_counts) > cutoff,2047377,52591,737,1554,48,0.029548782111007588,0.06512890094979647
lib45952_CE2DAANXX,11.7,61.9,1929746,177769,0.0,UNPAIRED,91617758.0,1034987.0,5645196.0,0.0,1031490.0,6338227.0,18740012.0,Unknown Library,54.862433,0.827385,0.58107,0.701883,0.357899,386999,0,0.0,0.0,0.535291,0.500846,0.037032,0.109491,0.852438,1.0,1.0,0.0,0.001049,0.850275,0.317148,0.423422,171155189.0,171155189.0,171590599.0,160704013.0,157964529.0,2935417.0,0.001945,0.0,0.000111,0.002061,0.0,3127652.0,3127652.0,0.0,0.0,0.0,0.0,3491732.0,407846.0,179600.0,0.500028,0,3127652.0,0.0,2296859.0,5424511.0,54281453.0,0.9609074689346482,49.0,pass,pass,Sanger / Illumina 1.9,Conventional base calls,FASTQC_OUT,fail,pass,pass,fail,pass,pass,pass,warn,warn,50-57,warn,0.0,60.08859277596842,5461022.0,male,NA,0.5,(y_counts^2 / total_counts) > cutoff,2370649,63576,615,1413,26,0.022225368063420157,0.04227642276422764
lib45953_CE2DAANXX,10.5,63.5,1672434,183066,0.0,UNPAIRED,94553250.0,1076072.0,5572070.0,0.0,1071036.0,7393562.0,17789903.0,Unknown Library,54.874799,0.852942,0.561894,0.6778,0.366751,388773,0,0.0,0.0,0.534081,0.501173,0.041762,0.100486,0.856825,1.0,1.0,0.0,0.000934,0.854783,0.322745,0.396948,177039309.0,177039309.0,177462245.0,166714514.0,163946247.0,3044216.0,0.001806,0.0,0.00011,0.001921,0.0,3233948.0,3233948.0,0.0,0.0,0.0,0.0,3535782.0,370432.0,165383.0,0.500502,0,3233948.0,0.0,2128691.0,5362639.0,57138528.0,0.9624141477045335,49.0,pass,pass,Sanger / Illumina 1.9,Conventional base calls,FASTQC_OUT,fail,pass,pass,fail,pass,pass,pass,warn,warn,50-57,warn,0.0,62.575397621350106,5397874.0,female,NA,0.5,(y_counts^2 / total_counts) > cutoff,2472377,66948,659,4,4,5.9747864013861504e-05,0.006069802731411229
lib45954_CE2DAANXX,13.1,62.7,3342231,220119,0.0,UNPAIRED,113296373.0,1268343.0,7900096.0,0.0,1269304.0,19680355.0,39928017.0,Unknown Library,54.919634,0.817476,0.613896,0.761187,0.349598,958795,0,0.0,0.0,0.47463,0.499811,0.082447,0.16727,0.749474,1.0,1.0,0.0,0.000818,0.74776,0.274844,0.428294,238704551.0,238704551.0,239251893.0,224435196.0,221007384.0,4094227.0,0.001887,0.0,0.000111,0.002107,0.0,4356400.0,4356400.0,0.0,0.0,0.0,0.0,4955021.0,651156.0,195348.0,0.500149,0,4356400.0,0.0,3263595.0,7619995.0,65606523.0,0.9645446080655222,50.0,pass,pass,Sanger / Illumina 1.9,Conventional base calls,FASTQC_OUT,fail,pass,pass,fail,pass,pass,pass,warn,warn,50-57,warn,0.0,59.63000643190382,7686949.0,female,NA,0.5,(y_counts^2 / total_counts) > cutoff,2915313,79971,766,5,5,6.252266446586888e-05,0.006527415143603133
lib45955_CE2DAANXX,12.1,66.1,1801588,156749,0.0,UNPAIRED,79637756.0,919505.0,4685202.0,0.0,915543.0,7417798.0,15795725.0,Unknown Library,54.879088,0.842732,0.551836,0.660411,0.382257,357455,0,0.0,0.0,0.519801,0.50108,0.048416,0.1031,0.847458,1.0,1.0,0.0,0.001033,0.845382,0.327657,0.376864,153208262.0,153208262.0,153584505.0,143774995.0,141404335.0,2625175.0,0.001785,0.0,0.000108,0.001906,0.0,2798598.0,2798598.0,0.0,0.0,0.0,0.0,3097371.0,374345.0,158321.0,0.500428,0,2798598.0,0.0,1692551.0,4491149.0,50199810.0,0.9585817217699472,49.0,pass,pass,Sanger / Illumina 1.9,Conventional base calls,FASTQC_OUT,fail,pass,pass,fail,pass,pass,pass,warn,warn,50-57,warn,0.0,64.3678735342086,4522160.0,male,NA,0.5,(y_counts^2 / total_counts) > cutoff,2110971,55267,647,1534,31,0.027756165523730256,0.04791344667697063
lib45956_CE2DAANXX,9.9,66.8,1408620,164205,0.0,UNPAIRED,87933689.0,984256.0,4830888.0,0.0,981795.0,7173631.0,17874805.0,Unknown Library,55.293329,0.840599,0.561937,0.666667,0.369256,384575,0,0.0,0.0,0.534056,0.500626,0.043568,0.108561,0.846939,1.0,1.0,0.0,0.000937,0.845026,0.312883,0.361787,164652498.0,164652498.0,165025317.0,155014371.0,152249783.0,2808904.0,0.001773,0.0,0.000102,0.00188,0.0,2984543.0,2984543.0,0.0,0.0,0.0,0.0,3225330.0,318344.0,154306.0,0.500354,0,2984543.0,0.0,1691860.0,4676403.0,51516926.0,0.9680214072443823,49.0,pass,pass,Sanger / Illumina 1.9,Conventional base calls,FASTQC_OUT,fail,pass,pass,fail,pass,pass,pass,warn,warn,50-57,warn,0.0,65.65548473396723,4707141.0,male,NA,0.5,(y_counts^2 / total_counts) > cutoff,2260124,59363,652,1615,27,0.0272054983744083,0.04141104294478527
lib45957_CE2DAANXX,9.4,66.5,1635656,196232,0.0,UNPAIRED,104213624.0,1171630.0,5946557.0,0.0,1166376.0,10756431.0,25696754.0,Unknown Library,55.345393,0.853242,0.579759,0.693036,0.353779,571108,0,0.0,0.0,0.514747,0.501124,0.05313,0.126925,0.81913,1.0,1.0,0.0,0.000821,0.81725,0.304384,0.365206,202456197.0,202456197.0,202921891.0,191135501.0,187943193.0,3460310.0,0.001811,0.0,0.000105,0.00195,0.0,3666464.0,3666464.0,0.0,0.0,0.0,0.0,3952546.0,372319.0,166242.0,0.499901,0,3666464.0,0.0,2109368.0,5775832.0,61624359.0,0.9712901095541504,49.0,pass,pass,Sanger / Illumina 1.9,Conventional base calls,FASTQC_OUT,fail,pass,pass,fail,pass,pass,pass,warn,warn,50-57,warn,0.0,65.46482238931597,5815858.0,female,NA,0.5,(y_counts^2 / total_counts) > cutoff,2692970,72847,694,5,4,6.863700632833198e-05,0.005763688760806916
lib45958_CE2DAANXX,11.2,72.2,2381504,145179,0.0,UNPAIRED,77104962.0,896248.0,6174103.0,0.0,887213.0,41443865.0,57955161.0,Unknown Library,55.348597,0.861306,0.543525,0.652342,0.386459,1632912,0,0.0,0.0,0.341272,0.502533,0.183434,0.256514,0.559247,1.0,1.0,0.0,0.000812,0.557846,0.217975,0.305545,225933987.0,225933987.0,226501403.0,211710552.0,208172063.0,3832330.0,0.002194,0.0,0.000127,0.002644,0.0,4092270.0,4092270.0,0.0,0.0,0.0,0.0,4456179.0,498013.0,183515.0,0.500467,0,4092270.0,0.0,1800507.0,5892777.0,49248005.0,0.9544345146169411,46.0,pass,pass,Sanger / Illumina 1.9,Conventional base calls,FASTQC_OUT,fail,pass,pass,fail,pass,warn,pass,warn,pass,50-57,warn,0.0,71.45616534917498,5983734.0,female,NA,0.5,(y_counts^2 / total_counts) > cutoff,2054239,57512,891,7,7,0.00012171372930866602,0.007856341189674524
lib45959_CE2DAANXX,32.0,65.4,4392042,58069,0.0,UNPAIRED,28071899.0,338130.0,3228281.0,0.0,334641.0,9483303.0,21432651.0,Unknown Library,55.264119,0.870934,0.514229,0.601351,0.484826,493842,0,0.0,0.0,0.354985,0.502593,0.119922,0.271028,0.60643,1.0,1.0,0.0,0.002649,0.60406,0.251445,0.49999,79079017.0,79079017.0,79389338.0,72947450.0,71695126.0,1323368.0,0.002339,0.0,0.00014,0.002681,0.0,1436544.0,1436544.0,0.0,0.0,0.0,0.0,2111243.0,674805.0,209444.0,0.500844,0,1436544.0,0.0,1436488.0,2873032.0,19884013.0,0.8899572249131968,48.0,pass,pass,Sanger / Illumina 1.9,Conventional base calls,FASTQC_OUT,fail,warn,pass,fail,pass,warn,pass,warn,warn,50-57,warn,0.0,53.79901421885699,2946195.0,female,NA,0.5,(y_counts^2 / total_counts) > cutoff,771457,20061,577,7,7,0.00034893574597477694,0.012131715771230503
lib45960_CE2DAANXX,14.2,67.6,2111634,134918,0.0,UNPAIRED,69206465.0,780172.0,4196626.0,0.0,779103.0,7201951.0,18599474.0,Unknown Library,54.871472,0.832494,0.565949,0.671672,0.384679,405336,0,0.0,0.0,0.508628,0.500343,0.05293,0.136696,0.809027,1.0,1.0,0.0,0.001358,0.806981,0.300399,0.377536,136064920.0,136064920.0,136409986.0,127546262.0,125429099.0,2329197.0,0.001866,0.0,0.00011,0.00202,0.0,2485991.0,2485991.0,0.0,0.0,0.0,0.0,2838914.0,404542.0,184781.0,0.500245,0,2485991.0,0.0,1507798.0,3993789.0,40873771.0,0.9516666483980226,49.0,pass,pass,Sanger / Illumina 1.9,Conventional base calls,FASTQC_OUT,fail,pass,pass,fail,pass,pass,pass,warn,warn,50-57,warn,0.0,64.48425550280517,4026071.0,female,NA,0.5,(y_counts^2 / total_counts) > cutoff,1788943,48991,644,6,4,0.0001224714743524321,0.006211180124223602
lib45961_CE2DAANXX,13.4,60.9,3102476,220355,0.0,UNPAIRED,111148221.0,1277639.0,7558131.0,0.0,1268408.0,12501320.0,27375066.0,Unknown Library,55.316671,0.845411,0.576493,0.677593,0.345826,620893,0,0.0,0.0,0.502306,0.501813,0.056497,0.123715,0.818925,1.0,1.0,0.0,0.000872,0.81683,0.316619,0.445054,221275914.0,221275914.0,221843417.0,208109256.0,204894991.0,3769951.0,0.001837,0.0,0.000117,0.001988,0.0,4010426.0,4010426.0,0.0,0.0,0.0,0.0,4602373.0,617975.0,192949.0,0.500045,0,4010426.0,0.0,3216264.0,7226690.0,70060233.0,0.9561477566345437,48.0,pass,pass,Sanger / Illumina 1.9,Conventional base calls,FASTQC_OUT,fail,pass,pass,fail,pass,pass,pass,warn,warn,50-57,warn,0.0,57.93332785356148,7284469.0,male,NA,0.5,(y_counts^2 / total_counts) > cutoff,2928703,80037,662,1873,37,0.023401676724514913,0.055891238670694864
lib45962_CE2DAANXX,12.9,62.1,3763582,254601,0.0,UNPAIRED,130815371.0,1468643.0,9329051.0,0.0,1470392.0,24758274.0,46431602.0,Unknown Library,54.923307,0.834363,0.618697,0.766313,0.336311,1146281,0,0.0,0.0,0.470145,0.499702,0.08898,0.166873,0.743443,1.0,1.0,0.0,0.000711,0.74179,0.273298,0.437234,278244857.0,278244857.0,278864798.0,261550296.0,257606322.0,4770665.0,0.001885,0.0,0.000109,0.002135,0.0,5077349.0,5077349.0,0.0,0.0,0.0,0.0,5794171.0,744986.0,197917.0,0.499861,0,5077349.0,0.0,3944786.0,9022135.0,76043844.0,0.9671010481130395,49.0,pass,pass,Sanger / Illumina 1.9,Conventional base calls,FASTQC_OUT,fail,pass,pass,fail,pass,pass,pass,warn,warn,50-57,warn,0.0,58.71660809608383,9103538.0,male,NA,0.5,(y_counts^2 / total_counts) > cutoff,3369783,89065,746,2194,43,0.024633694492786167,0.057640750670241284
lib45963_CE2DAANXX,9.1,64.3,1745957,218969,0.0,UNPAIRED,114757969.0,1314182.0,7104459.0,0.0,1306280.0,14634071.0,32859812.0,Unknown Library,55.350619,0.852719,0.575332,0.694553,0.349836,751529,0,0.0,0.0,0.490863,0.501508,0.062595,0.140554,0.796112,1.0,1.0,0.0,0.000745,0.794222,0.305249,0.384519,233788060.0,233788060.0,234344390.0,220700561.0,217056402.0,3995327.0,0.001853,0.0,0.000111,0.002016,0.0,4233817.0,4233817.0,0.0,0.0,0.0,0.0,4570156.0,414452.0,174142.0,0.499985,0,4233817.0,0.0,2645056.0,6878873.0,71363504.0,0.9682472655553365,48.0,pass,pass,Sanger / Illumina 1.9,Conventional base calls,FASTQC_OUT,fail,pass,pass,fail,pass,pass,pass,warn,warn,50-57,warn,0.0,63.578559140520774,6931898.0,female,NA,0.5,(y_counts^2 / total_counts) > cutoff,3024829,81369,738,4,4,4.9158770539148816e-05,0.005420054200542005
lib45964_CE2DAANXX,9.0,62.8,1576608,207491,0.0,UNPAIRED,110151515.0,1256279.0,6718322.0,0.0,1249923.0,11015652.0,26681274.0,Unknown Library,54.904005,0.85782,0.587056,0.704842,0.349951,595957,0,0.0,0.0,0.513861,0.501268,0.051388,0.124469,0.823345,1.0,1.0,0.0,0.000803,0.821407,0.309485,0.397827,214360688.0,214360688.0,214866550.0,202188448.0,198778347.0,3689936.0,0.001824,0.0,0.000104,0.001957,0.0,3913495.0,3913495.0,0.0,0.0,0.0,0.0,4220450.0,379223.0,172168.0,0.499827,0,3913495.0,0.0,2585463.0,6498958.0,66341348.0,0.9673483944353962,49.0,pass,pass,Sanger / Illumina 1.9,Conventional base calls,FASTQC_OUT,warn,pass,pass,fail,pass,pass,pass,warn,warn,50-57,warn,0.0,62.23610314738471,6543846.0,female,NA,0.5,(y_counts^2 / total_counts) > cutoff,2886488,79892,708,5,4,6.258448906023131e-05,0.005649717514124294
lib45965_CE2DAANXX,10.1,66.5,2133632,199539,0.0,UNPAIRED,102552718.0,1189968.0,7015667.0,0.0,1182426.0,22302850.0,46771319.0,Unknown Library,55.330932,0.840797,0.574026,0.684051,0.36129,1116405,0,0.0,0.0,0.431495,0.50159,0.09384,0.196792,0.708637,1.0,1.0,0.0,0.000736,0.706917,0.277142,0.360882,237668579.0,237668579.0,238246916.0,223562903.0,220057310.0,4048436.0,0.001927,0.0,0.000116,0.002139,0.0,4305854.0,4305854.0,0.0,0.0,0.0,0.0,4663041.0,472928.0,174880.0,0.500286,0,4305854.0,0.0,2431325.0,6737179.0,65868051.0,0.9603048434311378,48.0,pass,pass,Sanger / Illumina 1.9,Conventional base calls,FASTQC_OUT,fail,pass,pass,fail,pass,pass,pass,warn,warn,50-57,warn,0.0,65.91039029662612,6805518.0,female,NA,0.5,(y_counts^2 / total_counts) > cutoff,2732492,75540,803,6,5,7.942811755361398e-05,0.0062266500622665
lib45966_CE2DAANXX,9.9,63.9,1685714,180888,0.0,UNPAIRED,94082959.0,1095372.0,5994230.0,0.0,1083339.0,10266438.0,28351710.0,Unknown Library,55.313609,0.875142,0.554752,0.644046,0.362945,610256,0,0.0,0.0,0.485944,0.502761,0.053027,0.146438,0.799592,1.0,1.0,0.0,0.000951,0.79761,0.313648,0.389801,193608722.0,193608722.0,194089867.0,182240607.0,179189809.0,3301333.0,0.001842,0.0,0.000112,0.001963,0.0,3508899.0,3508899.0,0.0,0.0,0.0,0.0,3830329.0,380077.0,184087.0,0.500022,0,3508899.0,0.0,2241522.0,5750421.0,60725009.0,0.9593260518865643,48.0,pass,pass,Sanger / Illumina 1.9,Conventional base calls,FASTQC_OUT,fail,pass,pass,fail,pass,pass,pass,warn,warn,50-57,warn,0.0,62.9773188022403,5797192.0,female,NA,0.5,(y_counts^2 / total_counts) > cutoff,2510189,69539,671,8,7,0.00011504335696515625,0.010432190760059613
lib45967_CE2DAANXX,8.4,63.2,1308991,196067,0.0,UNPAIRED,102907469.0,1190212.0,6239749.0,0.0,1180391.0,9551202.0,25266860.0,Unknown Library,55.301487,0.867159,0.571792,0.688501,0.359937,545657,0,0.0,0.0,0.50682,0.502071,0.04704,0.124439,0.827719,1.0,1.0,0.0,0.000807,0.825773,0.320899,0.389688,203045465.0,203045465.0,203523907.0,191729306.0,188365964.0,3473916.0,0.001816,0.0,0.000106,0.001935,0.0,3680261.0,3680261.0,0.0,0.0,0.0,0.0,3941811.0,330602.0,163937.0,0.50004,0,3680261.0,0.0,2349874.0,6030135.0,65157139.0,0.9664066615500079,48.0,pass,pass,Sanger / Illumina 1.9,Conventional base calls,FASTQC_OUT,fail,pass,pass,fail,pass,pass,pass,warn,warn,50-57,warn,0.0,63.12360380449241,6077817.0,female,NA,0.5,(y_counts^2 / total_counts) > cutoff,2732192,73785,687,9,6,0.00012197601138442773,0.008733624454148471
lib45968_CE2DAANXX,8.8,63.9,1123665,168556,0.0,UNPAIRED,90266852.0,1022707.0,5023456.0,0.0,1014826.0,5666906.0,14261292.0,Unknown Library,55.287335,0.863595,0.558245,0.652045,0.366233,301540,0,0.0,0.0,0.548714,0.501934,0.034448,0.086691,0.877916,1.0,1.0,0.0,0.000951,0.875829,0.329202,0.386919,164506234.0,164506234.0,164898125.0,155026327.0,152164716.0,2809752.0,0.001783,0.0,0.000101,0.001878,0.0,2982566.0,2982566.0,0.0,0.0,0.0,0.0,3209252.0,281719.0,156436.0,0.500341,0,2982566.0,0.0,1882316.0,4864882.0,54155781.0,0.9684332857697967,48.0,pass,pass,Sanger / Illumina 1.9,Conventional base calls,FASTQC_OUT,fail,pass,pass,fail,pass,pass,pass,warn,warn,50-57,warn,0.0,63.427854242102164,4893639.0,female,NA,0.5,(y_counts^2 / total_counts) > cutoff,2339656,65749,661,8,5,0.00012167485437040868,0.007564296520423601
lib45969_CE2DAANXX,11.0,65.6,1744022,168131,0.0,UNPAIRED,87267732.0,998490.0,5218812.0,0.0,992472.0,10370408.0,18979285.0,Unknown Library,54.882577,0.847835,0.550204,0.654419,0.374276,459650,0,0.0,0.0,0.512486,0.501511,0.060901,0.111457,0.826644,1.0,1.0,0.0,0.001006,0.824684,0.314158,0.37918,170283137.0,170283137.0,170687832.0,160002644.0,157421358.0,2921048.0,0.001807,0.0,0.00011,0.001967,0.0,3110055.0,3110055.0,0.0,0.0,0.0,0.0,3424692.0,377826.0,171332.0,0.499465,0,3110055.0,0.0,1899540.0,5009595.0,53495767.0,0.9599109912370861,48.0,pass,pass,Sanger / Illumina 1.9,Conventional base calls,FASTQC_OUT,fail,pass,pass,fail,pass,pass,pass,warn,warn,50-57,warn,0.0,64.22670218725378,5046736.0,female,NA,0.5,(y_counts^2 / total_counts) > cutoff,2293267,62994,663,6,5,9.524716639679969e-05,0.007541478129713424
lib45970_CE2DAANXX,10.8,62.2,2160302,222715,0.0,UNPAIRED,116741350.0,1285376.0,6959012.0,0.0,1282293.0,9193205.0,23728121.0,Unknown Library,55.33624,0.825713,0.604811,0.715842,0.344821,507445,0,0.0,0.0,0.541297,0.5006,0.042626,0.110021,0.846541,1.0,1.0,0.0,0.000818,0.844688,0.305244,0.422956,215669751.0,215669751.0,216143020.0,203482517.0,200219970.0,3684054.0,0.00174,0.0,0.000101,0.001859,0.0,3905994.0,3905994.0,0.0,0.0,0.0,0.0,4326225.0,468075.0,176507.0,0.499824,0,3905994.0,0.0,2862972.0,6768966.0,65831984.0,0.9726906635597122,50.0,pass,pass,Sanger / Illumina 1.9,Conventional base calls,FASTQC_OUT,fail,pass,pass,fail,pass,pass,pass,warn,warn,50-57,warn,0.0,59.93031878289785,6809858.0,female,NA,0.5,(y_counts^2 / total_counts) > cutoff,2953894,80960,685,3,2,3.705533596837945e-05,0.00291970802919708
lib45971_CE2DAANXX,8.6,70.6,1354086,146349,0.0,UNPAIRED,77025539.0,895322.0,5554133.0,0.0,888576.0,32426941.0,44685432.0,Unknown Library,54.889265,0.835397,0.556538,0.673263,0.378472,1277153,0,0.0,0.0,0.379683,0.501891,0.159843,0.220269,0.619086,1.0,1.0,0.0,0.000808,0.61767,0.239403,0.304409,202867935.0,202867935.0,203333057.0,190649394.0,187396629.0,3479607.0,0.002068,0.0,0.000119,0.002383,0.0,3704423.0,3704423.0,0.0,0.0,0.0,0.0,3919963.0,335876.0,163956.0,0.49967,0,3704423.0,0.0,1621156.0,5325579.0,48567091.0,0.9588497430652093,47.0,pass,pass,Sanger / Illumina 1.9,Conventional base calls,FASTQC_OUT,fail,pass,pass,fail,pass,pass,pass,warn,pass,50-57,warn,0.0,71.15326413218168,5395189.0,female,NA,0.5,(y_counts^2 / total_counts) > cutoff,2056105,55289,891,4,4,7.234712148890377e-05,0.004489337822671156
lib45972_CE2DAANXX,8.8,68.2,1210430,146755,0.0,UNPAIRED,78526796.0,899860.0,4974215.0,0.0,893657.0,20407371.0,27993955.0,Unknown Library,54.913472,0.852501,0.557773,0.663687,0.376288,789609,0,0.0,0.0,0.449424,0.501729,0.116795,0.160215,0.722085,1.0,1.0,0.0,0.000912,0.720421,0.27266,0.335659,174727456.0,174727456.0,175131033.0,164211139.0,161372743.0,2995953.0,0.001979,0.0,0.000111,0.002261,0.0,3189218.0,3189218.0,0.0,0.0,0.0,0.0,3394738.0,298279.0,159349.0,0.499878,0,3189218.0,0.0,1611356.0,4800574.0,47641204.0,0.9650917783006967,47.0,pass,pass,Sanger / Illumina 1.9,Conventional base calls,FASTQC_OUT,fail,pass,pass,fail,pass,pass,pass,warn,warn,50-57,warn,0.0,68.2814942213335,4848676.0,female,NA,0.5,(y_counts^2 / total_counts) > cutoff,2059589,58824,773,5,4,8.499932000543996e-05,0.00517464424320828
lib45973_CE2DAANXX,9.5,65.8,1469554,177746,0.0,UNPAIRED,94600099.0,1054671.0,5375863.0,0.0,1054408.0,10381412.0,20403561.0,Unknown Library,55.35207,0.853121,0.564521,0.668275,0.365881,479319,0,0.0,0.0,0.52353,0.500062,0.057452,0.112916,0.828701,1.0,1.0,0.0,0.000939,0.826781,0.305171,0.371513,180696729.0,180696729.0,181116347.0,170294235.0,167556696.0,3082606.0,0.001788,0.0,0.000104,0.001957,0.0,3272079.0,3272079.0,0.0,0.0,0.0,0.0,3537858.0,337486.0,169672.0,0.499962,0,3272079.0,0.0,1934204.0,5206283.0,55143486.0,0.9684552973169145,48.0,pass,pass,Sanger / Illumina 1.9,Conventional base calls,FASTQC_OUT,fail,pass,pass,fail,pass,pass,pass,warn,warn,50-57,warn,0.0,64.70979988791322,5243300.0,male,NA,0.5,(y_counts^2 / total_counts) > cutoff,2425541,63893,633,1830,36,0.028641635233906688,0.05687203791469194
lib45974_CE2DAANXX,13.3,66.7,1916681,139266,0.0,UNPAIRED,71935848.0,823786.0,4242863.0,0.0,817120.0,6718082.0,14616922.0,Unknown Library,55.315699,0.836875,0.532893,0.633158,0.385837,326912,0,0.0,0.0,0.519596,0.502031,0.048525,0.105579,0.844617,1.0,1.0,0.0,0.001292,0.842454,0.325021,0.378553,138445782.0,138445782.0,138801305.0,129904609.0,127779516.0,2353223.0,0.001788,0.0,0.00011,0.001932,0.0,2509257.0,2509257.0,0.0,0.0,0.0,0.0,2829680.0,374996.0,178833.0,0.500017,0,2509257.0,0.0,1528511.0,4037768.0,44997807.0,0.9516611778414716,48.0,pass,pass,Sanger / Illumina 1.9,Conventional base calls,FASTQC_OUT,fail,pass,pass,fail,pass,pass,pass,warn,warn,50-57,warn,0.0,64.33810356182767,4069771.0,male,NA,0.5,(y_counts^2 / total_counts) > cutoff,1887045,49754,603,1357,26,0.02727418900992885,0.04311774461028192
lib45975_CE2DAANXX,10.7,65.1,1845067,176976,0.0,UNPAIRED,89913329.0,1048261.0,5844864.0,0.0,1040434.0,13423080.0,30189291.0,Unknown Library,55.318497,0.849171,0.568479,0.68071,0.37165,691823,0,0.0,0.0,0.467614,0.501874,0.06981,0.157006,0.77224,1.0,1.0,0.0,0.000953,0.770273,0.304625,0.376973,192281048.0,192281048.0,192771908.0,180785977.0,177880466.0,3274820.0,0.001854,0.0,0.000111,0.002032,0.0,3484764.0,3484764.0,0.0,0.0,0.0,0.0,3804520.0,405598.0,183237.0,0.499987,0,3484764.0,0.0,2108516.0,5593280.0,58573697.0,0.9569563979589603,48.0,pass,pass,Sanger / Illumina 1.9,Conventional base calls,FASTQC_OUT,fail,pass,pass,fail,pass,pass,pass,warn,warn,50-57,warn,0.0,64.10549549652343,5643208.0,male,NA,0.5,(y_counts^2 / total_counts) > cutoff,2406021,63716,660,1812,38,0.02843869671668027,0.05757575757575758
lib45976_CE2DAANXX,13.6,66.1,2010972,137260,0.0,UNPAIRED,72082012.0,818207.0,4318260.0,0.0,813820.0,7835049.0,14660968.0,Unknown Library,55.311195,0.856749,0.543196,0.63406,0.389635,346587,0,0.0,0.0,0.519647,0.501344,0.056484,0.105693,0.836497,1.0,1.0,0.0,0.001338,0.834356,0.31685,0.389286,138713414.0,138713414.0,139069436.0,130070861.0,127916795.0,2356447.0,0.001808,0.0,0.000109,0.001971,0.0,2514309.0,2514309.0,0.0,0.0,0.0,0.0,2854067.0,387462.0,185555.0,0.499808,0,2514309.0,0.0,1602692.0,4117001.0,43951372.0,0.9533934964545905,48.0,pass,pass,Sanger / Illumina 1.9,Conventional base calls,FASTQC_OUT,fail,pass,pass,fail,pass,pass,pass,warn,warn,50-57,warn,0.0,63.31464640461554,4149866.0,male,NA,0.5,(y_counts^2 / total_counts) > cutoff,1872600,51405,608,1212,25,0.02357747300846221,0.04111842105263158
lib45977_CE2DAANXX,8.5,66.2,1046503,163332,0.0,UNPAIRED,87814215.0,999168.0,4732783.0,0.0,990935.0,6645556.0,14372517.0,Unknown Library,55.339341,0.853443,0.564649,0.6779,0.369473,319225,0,0.0,0.0,0.540465,0.502068,0.040901,0.088458,0.869702,1.0,1.0,0.0,0.000946,0.867698,0.329237,0.358582,162478994.0,162478994.0,162854162.0,153265213.0,150518280.0,2775115.0,0.001761,0.0,0.0001,0.001863,0.0,2942828.0,2942828.0,0.0,0.0,0.0,0.0,3135308.0,265634.0,153632.0,0.500019,0,2942828.0,0.0,1645174.0,4588002.0,53494023.0,0.969408908035716,48.0,pass,pass,Sanger / Illumina 1.9,Conventional base calls,FASTQC_OUT,fail,pass,pass,fail,pass,pass,pass,warn,warn,50-57,warn,0.0,65.75894017864779,4615876.0,female,NA,0.5,(y_counts^2 / total_counts) > cutoff,2292558,62622,649,4,4,6.387531538436971e-05,0.0061633281972265025
lib45978_CE2DAANXX,9.6,59.4,1737668,216495,0.0,UNPAIRED,115093387.0,1282308.0,7157464.0,0.0,1278597.0,10974557.0,21291210.0,Unknown Library,54.906187,0.831582,0.587673,0.699725,0.347462,503265,0,0.0,0.0,0.540844,0.500725,0.051571,0.100051,0.84755,1.0,1.0,0.0,0.000834,0.845636,0.306706,0.441539,212803262.0,212803262.0,213284950.0,200569350.0,197302748.0,3659954.0,0.001755,0.0,0.000106,0.001884,0.0,3884534.0,3884534.0,0.0,0.0,0.0,0.0,4248980.0,407223.0,177380.0,0.499769,0,3884534.0,0.0,3071252.0,6955786.0,65268108.0,0.971822701448446,49.0,pass,pass,Sanger / Illumina 1.9,Conventional base calls,FASTQC_OUT,warn,pass,pass,fail,pass,pass,pass,warn,warn,50-57,warn,0.0,58.174049751444,6998641.0,female,NA,0.5,(y_counts^2 / total_counts) > cutoff,2940194,81652,704,3,3,3.674129231372165e-05,0.004261363636363636
lib45979_CE2DAANXX,8.8,67.6,1308194,168813,0.0,UNPAIRED,88925277.0,1036641.0,5479125.0,0.0,1026482.0,16060844.0,29358864.0,Unknown Library,54.878141,0.851928,0.559475,0.665574,0.370982,729077,0,0.0,0.0,0.466409,0.502462,0.084238,0.153986,0.760973,1.0,1.0,0.0,0.000809,0.759177,0.294564,0.339353,190659599.0,190659599.0,191110437.0,179254380.0,176190389.0,3272740.0,0.001903,0.0,0.000115,0.002112,0.0,3482451.0,3482451.0,0.0,0.0,0.0,0.0,3704205.0,327634.0,154209.0,0.499999,0,3482451.0,0.0,1788821.0,5271272.0,56161443.0,0.9620645632286177,48.0,pass,pass,Sanger / Illumina 1.9,Conventional base calls,FASTQC_OUT,fail,pass,pass,fail,pass,pass,pass,warn,warn,50-57,warn,0.0,67.79141597119343,5319964.0,male,NA,0.5,(y_counts^2 / total_counts) > cutoff,2374850,61905,702,1840,36,0.029722962603989985,0.05128205128205128
lib45980_CE2DAANXX,10.9,63.3,1884964,188702,0.0,UNPAIRED,100553554.0,1143307.0,5951030.0,0.0,1136341.0,9718313.0,16514213.0,Unknown Library,55.210209,0.84259,0.579013,0.685165,0.358948,399580,0,0.0,0.0,0.534955,0.501528,0.051702,0.087857,0.859459,1.0,1.0,0.0,0.00099,0.857441,0.324504,0.405882,187966472.0,187966472.0,188408815.0,176604552.0,172523826.0,3204905.0,0.001863,0.0,0.000108,0.002008,0.0,3412572.0,3412572.0,0.0,0.0,0.0,0.0,3769629.0,410825.0,186049.0,0.4998,0,3412572.0,0.0,2331353.0,5743925.0,60995847.0,0.9651984614428091,48.0,pass,pass,Sanger / Illumina 1.9,Conventional base calls,FASTQC_OUT,fail,pass,pass,fail,pass,pass,pass,warn,warn,50-57,warn,0.0,61.25208480828709,5782908.0,male,NA,0.5,(y_counts^2 / total_counts) > cutoff,2616623,71205,644,1727,32,0.024253914753177445,0.049689440993788817
lib45981_CE2DAANXX,8.2,68.1,1158017,166651,0.0,UNPAIRED,87932444.0,1002950.0,5293058.0,0.0,996467.0,14963627.0,30723937.0,Unknown Library,55.354201,0.842622,0.5615,0.66928,0.370009,731348,0,0.0,0.0,0.468272,0.501621,0.079687,0.163616,0.755841,1.0,1.0,0.0,0.000862,0.754101,0.287569,0.337401,187780504.0,187780504.0,188213859.0,177017404.0,173981931.0,3204104.0,0.001908,0.0,0.000109,0.002121,0.0,3400173.0,3400173.0,0.0,0.0,0.0,0.0,3605192.0,295286.0,161902.0,0.500033,0,3400173.0,0.0,1731399.0,5131572.0,53999791.0,0.9694909823395096,48.0,pass,pass,Sanger / Illumina 1.9,Conventional base calls,FASTQC_OUT,fail,pass,pass,fail,pass,pass,pass,warn,warn,50-57,warn,0.0,67.9931688240362,5178897.0,female,NA,0.5,(y_counts^2 / total_counts) > cutoff,2306105,62254,754,13,10,0.0002088219230892794,0.013262599469496022
lib45982_CE2DAANXX,9.1,68.2,1029785,137030,0.0,UNPAIRED,73171756.0,848199.0,4021576.0,0.0,835642.0,7401842.0,14253952.0,Unknown Library,55.324752,0.834962,0.532904,0.650292,0.384936,334676,0,0.0,0.0,0.51776,0.503729,0.052375,0.10086,0.84563,1.0,1.0,0.0,0.001142,0.8437,0.32787,0.339937,141323640.0,141323640.0,141646912.0,133013593.0,130786857.0,2408779.0,0.001813,0.0,0.000114,0.001943,0.0,2560281.0,2560281.0,0.0,0.0,0.0,0.0,2742423.0,248294.0,161339.0,0.500203,0,2560281.0,0.0,1318561.0,3878842.0,46335761.0,0.9645079441492589,47.0,pass,pass,Sanger / Illumina 1.9,Conventional base calls,FASTQC_OUT,fail,pass,pass,fail,pass,pass,pass,warn,warn,50-57,warn,0.0,68.00935817433746,3906580.0,female,NA,0.5,(y_counts^2 / total_counts) > cutoff,1937073,54699,653,3,3,5.4845609608950804e-05,0.004594180704441042
lib45983_CE2DAANXX,8.1,66.7,1277899,186325,0.0,UNPAIRED,99228390.0,1166667.0,6154026.0,0.0,1155358.0,17699132.0,31115747.0,Unknown Library,54.921514,0.847867,0.558692,0.683053,0.36215,788415,0,0.0,0.0,0.467472,0.502435,0.083382,0.146589,0.769301,1.0,1.0,0.0,0.000734,0.767488,0.301829,0.347979,212265946.0,212265946.0,212767373.0,200090590.0,196827079.0,3650368.0,0.001915,0.0,0.000115,0.002111,0.0,3874026.0,3874026.0,0.0,0.0,0.0,0.0,4105065.0,334000.0,155904.0,0.500109,0,3874026.0,0.0,2067540.0,5941566.0,64068076.0,0.965476258956332,47.0,pass,pass,Sanger / Illumina 1.9,Conventional base calls,FASTQC_OUT,fail,pass,pass,fail,pass,pass,pass,warn,warn,50-57,warn,0.0,66.9584348376912,5994368.0,female,NA,0.5,(y_counts^2 / total_counts) > cutoff,2675628,73499,741,1,1,1.3605627287446088e-05,0.001349527665317139
lib45984_CE2DAANXX,10.5,65.4,1634526,167582,0.0,UNPAIRED,88608957.0,1014391.0,5369281.0,0.0,1006969.0,10629164.0,23402377.0,Unknown Library,55.319489,0.85167,0.553005,0.645564,0.366929,534764,0,0.0,0.0,0.49895,0.501836,0.059852,0.131777,0.807401,1.0,1.0,0.0,0.000979,0.805368,0.308451,0.37644,177590855.0,177590855.0,178039193.0,166889690.0,164226609.0,3023054.0,0.001923,0.0,0.000117,0.002082,0.0,3218381.0,3218381.0,0.0,0.0,0.0,0.0,3511548.0,368373.0,173823.0,0.499727,0,3218381.0,0.0,1942919.0,5161300.0,54778038.0,0.9612646460485119,48.0,pass,pass,Sanger / Illumina 1.9,Conventional base calls,FASTQC_OUT,fail,pass,pass,fail,pass,pass,pass,warn,warn,50-57,warn,0.0,64.37599950753517,5202658.0,female,NA,0.5,(y_counts^2 / total_counts) > cutoff,2320708,65696,679,8,6,0.00012177301509985388,0.008836524300441826
lib45985_CE2DAANXX,12.4,62.5,1867296,156674,0.0,UNPAIRED,80479580.0,881609.0,5069125.0,0.0,880664.0,12001788.0,16517906.0,Unknown Library,54.880052,0.828673,0.562537,0.673901,0.375059,449420,0,0.0,0.0,0.523399,0.500268,0.078054,0.107424,0.813462,1.0,1.0,0.0,0.001068,0.811388,0.290063,0.421687,153763265.0,153763265.0,154156365.0,143798955.0,141550340.0,2625739.0,0.002,0.0,0.000127,0.002225,0.0,2808969.0,2808969.0,0.0,0.0,0.0,0.0,3166616.0,391758.0,164195.0,0.499735,0,2808969.0,0.0,2048209.0,4857178.0,44601063.0,0.958188642024018,49.0,pass,pass,Sanger / Illumina 1.9,Conventional base calls,FASTQC_OUT,fail,pass,pass,fail,pass,pass,pass,warn,warn,50-57,warn,0.0,60.4694502406969,4895928.0,male,NA,0.5,(y_counts^2 / total_counts) > cutoff,2019645,56031,642,1138,36,0.02031018543306384,0.056074766355140186
lib45986_CE2DAANXX,11.5,61.7,2111199,195837,0.0,UNPAIRED,104471565.0,1138050.0,6439717.0,0.0,1137910.0,13117738.0,20957977.0,Unknown Library,54.914061,0.83862,0.581169,0.694175,0.361598,533522,0,0.0,0.0,0.53759,0.500031,0.067501,0.107846,0.823733,1.0,1.0,0.0,0.000927,0.821821,0.286143,0.431228,194333191.0,194333191.0,194785502.0,182483506.0,179627641.0,3329385.0,0.001904,0.0,0.000107,0.002197,0.0,3547097.0,3547097.0,0.0,0.0,0.0,0.0,3974921.0,456650.0,180225.0,0.500009,0,3547097.0,0.0,2689317.0,6236414.0,55607172.0,0.9684298238571664,50.0,pass,pass,Sanger / Illumina 1.9,Conventional base calls,FASTQC_OUT,fail,pass,pass,fail,pass,pass,pass,warn,warn,50-57,warn,0.0,59.50365196944767,6283562.0,male,NA,0.5,(y_counts^2 / total_counts) > cutoff,2600026,72311,689,1572,37,0.021739431068578778,0.05370101596516691
lib45987_CE2DAANXX,9.0,74.8,655841,72466,0.0,UNPAIRED,36367949.0,460923.0,2490170.0,0.0,446178.0,11405633.0,21231063.0,Unknown Library,55.383267,0.895666,0.419619,0.484509,0.464199,527037,0,0.0,0.0,0.372206,0.508128,0.11673,0.217288,0.664428,1.0,1.0,0.0,0.001565,0.662673,0.292222,0.247136,97709204.0,97709204.0,97967959.0,91079425.0,89688739.0,1647819.0,0.002119,0.0,0.000142,0.002374,0.0,1768909.0,1768909.0,0.0,0.0,0.0,0.0,1862492.0,168169.0,152914.0,0.500034,0,1768909.0,0.0,580663.0,2349572.0,28552783.0,0.9435387945401318,44.0,pass,pass,Sanger / Illumina 1.9,Conventional base calls,FASTQC_OUT,fail,pass,pass,fail,pass,warn,pass,warn,pass,50-57,warn,0.0,77.07269519696565,2379917.0,male,NA,0.5,(y_counts^2 / total_counts) > cutoff,1048316,28964,618,812,31,0.02803480182295263,0.05016181229773463
lib45988_CE2DAANXX,11.9,87.4,16638,1105,0.0,UNPAIRED,636686.0,7653.0,37528.0,0.0,7271.0,290901.0,377122.0,Unknown Library,54.81855,0.807965,0.417013,0.48744,0.86148,10370,0,0.0,0.0,0.363283,0.512798,0.165984,0.21518,0.596508,1.0,1.0,0.0,0.022418,0.594365,0.233225,0.063483,1752589.0,1752589.0,1758908.0,1568919.0,1536493.0,28689.0,0.002614,0.0,0.000152,0.003129,0.0,32086.0,32086.0,0.0,0.0,0.0,0.0,32810.0,3895.0,39290.0,0.501963,0,32086.0,0.0,2175.0,34261.0,408747.0,0.9129450010658708,44.0,pass,pass,Sanger / Illumina 1.9,Conventional base calls,FASTQC_OUT,warn,pass,pass,fail,pass,warn,pass,fail,pass,50-57,warn,0.0,94.15359017757251,34859.0,female,NA,0.5,(y_counts^2 / total_counts) > cutoff,17214,443,193,5,4,0.011286681715575621,0.02072538860103627
