P337_BAL_EOS.pct.1,P337_BAL_EOS.pct.2,P337_BAL_EOS.pct.3,P337_BAL_EOS.pct.4,P337_BAL_EOS.pct.5,P337_BAL_EOS.pct.6,P337_BAL_EOS.pct.7,P337_BAL_EOS.pct.8,P337_BAL_EOS.pct.9
ENSG00000000457,ENSG00000002933,ENSG00000003393,ENSG00000003056,ENSG00000005339,ENSG00000006025,ENSG00000002834,ENSG00000007968,
ENSG00000002587,ENSG00000004455,ENSG00000006695,ENSG00000004478,ENSG00000006327,ENSG00000006634,ENSG00000005007,ENSG00000011426,
ENSG00000002726,ENSG00000005471,ENSG00000008083,ENSG00000006625,ENSG00000006451,ENSG00000007312,ENSG00000005156,ENSG00000012048,
ENSG00000003249,ENSG00000005483,ENSG00000012171,ENSG00000008130,ENSG00000011132,ENSG00000008517,ENSG00000008405,ENSG00000051341,
ENSG00000004777,ENSG00000005810,ENSG00000012660,ENSG00000029993,ENSG00000015285,ENSG00000010810,ENSG00000010539,ENSG00000065328,
ENSG00000004809,ENSG00000007350,ENSG00000019485,ENSG00000031691,ENSG00000025770,ENSG00000013725,ENSG00000011275,ENSG00000072571,
ENSG00000005102,ENSG00000008056,ENSG00000022567,ENSG00000037897,ENSG00000050393,ENSG00000014138,ENSG00000011304,ENSG00000073111,
ENSG00000005381,ENSG00000008277,ENSG00000024048,ENSG00000040487,ENSG00000063180,ENSG00000015133,ENSG00000013810,ENSG00000076003,
ENSG00000005961,ENSG00000010438,ENSG00000030419,ENSG00000040608,ENSG00000063241,ENSG00000023445,ENSG00000023909,ENSG00000077152,
ENSG00000006062,ENSG00000013588,ENSG00000033122,ENSG00000040633,ENSG00000063244,ENSG00000023902,ENSG00000028137,ENSG00000080986,
ENSG00000006459,ENSG00000024526,ENSG00000033170,ENSG00000048471,ENSG00000064490,ENSG00000026751,ENSG00000033100,ENSG00000085840,
ENSG00000006555,ENSG00000025423,ENSG00000033867,ENSG00000060558,ENSG00000064995,ENSG00000027869,ENSG00000038358,ENSG00000085999,
ENSG00000006606,ENSG00000048462,ENSG00000035499,ENSG00000065485,ENSG00000070915,ENSG00000029153,ENSG00000044574,ENSG00000087245,
ENSG00000007237,ENSG00000052723,ENSG00000037749,ENSG00000065600,ENSG00000071626,ENSG00000029534,ENSG00000047621,ENSG00000087586,
ENSG00000007264,ENSG00000055044,ENSG00000038427,ENSG00000065802,ENSG00000077549,ENSG00000041353,ENSG00000051825,ENSG00000088325,
ENSG00000008118,ENSG00000058335,ENSG00000040275,ENSG00000068489,ENSG00000078668,ENSG00000055208,ENSG00000054523,ENSG00000089685,
ENSG00000008438,ENSG00000060566,ENSG00000041982,ENSG00000069399,ENSG00000087191,ENSG00000056558,ENSG00000065308,ENSG00000090889,
ENSG00000008516,ENSG00000065911,ENSG00000043462,ENSG00000069998,ENSG00000088832,ENSG00000059145,ENSG00000065357,ENSG00000091651,
ENSG00000009790,ENSG00000066136,ENSG00000048740,ENSG00000070495,ENSG00000089486,ENSG00000061273,ENSG00000065526,ENSG00000092853,
ENSG00000010310,ENSG00000068976,ENSG00000049759,ENSG00000070950,ENSG00000095970,ENSG00000065675,ENSG00000066084,ENSG00000093009,
ENSG00000010322,ENSG00000069188,ENSG00000052795,ENSG00000072958,ENSG00000100092,ENSG00000068796,ENSG00000066135,ENSG00000100162,
ENSG00000010327,ENSG00000069696,ENSG00000053254,ENSG00000074266,ENSG00000100314,ENSG00000069493,ENSG00000066827,ENSG00000100526,
ENSG00000011028,ENSG00000070031,ENSG00000055163,ENSG00000075336,ENSG00000100364,ENSG00000071575,ENSG00000067057,ENSG00000101057,
ENSG00000014257,ENSG00000072134,ENSG00000055609,ENSG00000075413,ENSG00000100365,ENSG00000072818,ENSG00000067334,ENSG00000101412,
ENSG00000017483,ENSG00000073605,ENSG00000058063,ENSG00000075884,ENSG00000100410,ENSG00000073792,ENSG00000070214,ENSG00000102743,
ENSG00000019991,ENSG00000074800,ENSG00000058272,ENSG00000076928,ENSG00000100442,ENSG00000077150,ENSG00000070413,ENSG00000105011,
ENSG00000020633,ENSG00000075240,ENSG00000058668,ENSG00000077312,ENSG00000101084,ENSG00000077984,ENSG00000070614,ENSG00000105173,
ENSG00000023892,ENSG00000075618,ENSG00000059728,ENSG00000078081,ENSG00000102003,ENSG00000078269,ENSG00000070814,ENSG00000108671,
ENSG00000028277,ENSG00000077420,ENSG00000064225,ENSG00000079616,ENSG00000102007,ENSG00000078399,ENSG00000072518,ENSG00000109674,
ENSG00000035403,ENSG00000077458,ENSG00000065135,ENSG00000080845,ENSG00000102030,ENSG00000078401,ENSG00000072736,ENSG00000109805,
ENSG00000035664,ENSG00000082293,ENSG00000065413,ENSG00000085265,ENSG00000102265,ENSG00000078596,ENSG00000075568,ENSG00000111206,
ENSG00000038219,ENSG00000083454,ENSG00000065613,ENSG00000088826,ENSG00000103035,ENSG00000083720,ENSG00000077097,ENSG00000111247,
ENSG00000040531,ENSG00000083896,ENSG00000065615,ENSG00000088833,ENSG00000103275,ENSG00000086288,ENSG00000077232,ENSG00000111665,
ENSG00000042980,ENSG00000085185,ENSG00000066294,ENSG00000089060,ENSG00000103326,ENSG00000089012,ENSG00000078177,ENSG00000112029,
ENSG00000049249,ENSG00000086598,ENSG00000066468,ENSG00000089351,ENSG00000103653,ENSG00000089505,ENSG00000078618,ENSG00000112984,
ENSG00000049768,ENSG00000087116,ENSG00000066654,ENSG00000091164,ENSG00000103723,ENSG00000090339,ENSG00000079246,ENSG00000115163,
ENSG00000050165,ENSG00000087206,ENSG00000068024,ENSG00000092470,ENSG00000104112,ENSG00000096433,ENSG00000079308,ENSG00000117399,
ENSG00000050767,ENSG00000087299,ENSG00000068383,ENSG00000097046,ENSG00000104879,ENSG00000099860,ENSG00000079335,ENSG00000117650,
ENSG00000051128,ENSG00000090520,ENSG00000069974,ENSG00000099985,ENSG00000104885,ENSG00000099991,ENSG00000079805,ENSG00000119969,
ENSG00000054654,ENSG00000090554,ENSG00000073849,ENSG00000100031,ENSG00000104886,ENSG00000100079,ENSG00000079819,ENSG00000121152,
ENSG00000054967,ENSG00000091527,ENSG00000073910,ENSG00000100106,ENSG00000104903,ENSG00000100241,ENSG00000081760,ENSG00000121211,
ENSG00000055118,ENSG00000091972,ENSG00000075151,ENSG00000100147,ENSG00000105329,ENSG00000100346,ENSG00000083168,ENSG00000122952,
ENSG00000056736,ENSG00000092758,ENSG00000076513,ENSG00000100478,ENSG00000105669,ENSG00000100376,ENSG00000084676,ENSG00000122966,
ENSG00000057657,ENSG00000094804,ENSG00000077684,ENSG00000100982,ENSG00000105698,ENSG00000100385,ENSG00000087157,ENSG00000123219,
ENSG00000057704,ENSG00000094916,ENSG00000079387,ENSG00000101146,ENSG00000105723,ENSG00000100433,ENSG00000089234,ENSG00000123473,
ENSG00000064300,ENSG00000095787,ENSG00000082212,ENSG00000101150,ENSG00000105963,ENSG00000100453,ENSG00000090372,ENSG00000123485,
ENSG00000064666,ENSG00000099308,ENSG00000082898,ENSG00000101246,ENSG00000106244,ENSG00000101082,ENSG00000092201,ENSG00000125319,
ENSG00000065882,ENSG00000099953,ENSG00000083799,ENSG00000101294,ENSG00000106268,ENSG00000102245,ENSG00000092929,ENSG00000127564,
ENSG00000071051,ENSG00000100105,ENSG00000083828,ENSG00000101945,ENSG00000106355,ENSG00000104290,ENSG00000099204,ENSG00000129810,
ENSG00000071242,ENSG00000100353,ENSG00000084112,ENSG00000102974,ENSG00000107020,ENSG00000104856,ENSG00000099783,ENSG00000131153,
ENSG00000071967,ENSG00000100373,ENSG00000085831,ENSG00000103042,ENSG00000108424,ENSG00000104951,ENSG00000100150,ENSG00000131747,
ENSG00000072694,ENSG00000100519,ENSG00000087253,ENSG00000103061,ENSG00000108523,ENSG00000105246,ENSG00000100266,ENSG00000132780,
ENSG00000072864,ENSG00000100749,ENSG00000089057,ENSG00000103253,ENSG00000108961,ENSG00000105352,ENSG00000100280,ENSG00000134690,
ENSG00000072952,ENSG00000101193,ENSG00000090661,ENSG00000103671,ENSG00000111196,ENSG00000105509,ENSG00000100296,ENSG00000135900,
ENSG00000072954,ENSG00000101425,ENSG00000090863,ENSG00000104522,ENSG00000111669,ENSG00000105639,ENSG00000100304,ENSG00000137135,
ENSG00000073150,ENSG00000101842,ENSG00000091039,ENSG00000104689,ENSG00000112312,ENSG00000105671,ENSG00000100345,ENSG00000137310,
ENSG00000074370,ENSG00000102034,ENSG00000091181,ENSG00000104731,ENSG00000112667,ENSG00000106327,ENSG00000100503,ENSG00000137804,
ENSG00000074966,ENSG00000102471,ENSG00000091409,ENSG00000104872,ENSG00000112787,ENSG00000106952,ENSG00000100522,ENSG00000137825,
ENSG00000076662,ENSG00000102753,ENSG00000092531,ENSG00000104998,ENSG00000115596,ENSG00000107130,ENSG00000101191,ENSG00000138160,
ENSG00000077044,ENSG00000102882,ENSG00000092871,ENSG00000105053,ENSG00000115738,ENSG00000107742,ENSG00000101310,ENSG00000138180,
ENSG00000078589,ENSG00000102897,ENSG00000093000,ENSG00000105287,ENSG00000116161,ENSG00000107882,ENSG00000101367,ENSG00000138658,
ENSG00000078687,ENSG00000103126,ENSG00000096063,ENSG00000105472,ENSG00000116670,ENSG00000108700,ENSG00000101577,ENSG00000139618,
ENSG00000081059,ENSG00000103154,ENSG00000100122,ENSG00000105609,ENSG00000117713,ENSG00000109452,ENSG00000104812,ENSG00000139734,
ENSG00000081189,ENSG00000103187,ENSG00000100207,ENSG00000105750,ENSG00000118363,ENSG00000110080,ENSG00000105063,ENSG00000140534,
ENSG00000082074,ENSG00000104164,ENSG00000100350,ENSG00000105928,ENSG00000118508,ENSG00000110448,ENSG00000105397,ENSG00000142230,
ENSG00000084710,ENSG00000104368,ENSG00000100354,ENSG00000105993,ENSG00000118939,ENSG00000110660,ENSG00000105656,ENSG00000142731,
ENSG00000087087,ENSG00000105251,ENSG00000100368,ENSG00000106123,ENSG00000119185,ENSG00000111344,ENSG00000105939,ENSG00000142945,
ENSG00000087589,ENSG00000105376,ENSG00000100485,ENSG00000106266,ENSG00000119335,ENSG00000111371,ENSG00000105953,ENSG00000143228,
ENSG00000088035,ENSG00000105825,ENSG00000100644,ENSG00000106305,ENSG00000119403,ENSG00000111737,ENSG00000106105,ENSG00000143476,
ENSG00000088992,ENSG00000106336,ENSG00000100647,ENSG00000106351,ENSG00000121297,ENSG00000111796,ENSG00000106415,ENSG00000145386,
ENSG00000089159,ENSG00000106484,ENSG00000101003,ENSG00000106443,ENSG00000122986,ENSG00000112182,ENSG00000107185,ENSG00000146670,
ENSG00000089820,ENSG00000106565,ENSG00000101096,ENSG00000106462,ENSG00000123689,ENSG00000112486,ENSG00000108349,ENSG00000147536,
ENSG00000090238,ENSG00000106829,ENSG00000101109,ENSG00000106603,ENSG00000123975,ENSG00000113303,ENSG00000108592,ENSG00000148229,
ENSG00000090530,ENSG00000107317,ENSG00000101596,ENSG00000106636,ENSG00000124575,ENSG00000114251,ENSG00000108651,ENSG00000148773,
ENSG00000090659,ENSG00000108175,ENSG00000102755,ENSG00000107949,ENSG00000124713,ENSG00000114554,ENSG00000109320,ENSG00000149554,
ENSG00000090924,ENSG00000109063,ENSG00000103222,ENSG00000108055,ENSG00000125753,ENSG00000115085,ENSG00000109586,ENSG00000151725,
ENSG00000092067,ENSG00000109099,ENSG00000103319,ENSG00000108515,ENSG00000125910,ENSG00000115523,ENSG00000109606,ENSG00000152253,
ENSG00000095303,ENSG00000109118,ENSG00000103353,ENSG00000108829,ENSG00000126264,ENSG00000115526,ENSG00000111602,ENSG00000153044,
ENSG00000099337,ENSG00000110077,ENSG00000103404,ENSG00000108984,ENSG00000126453,ENSG00000115607,ENSG00000111880,ENSG00000153048,
ENSG00000099910,ENSG00000110665,ENSG00000103657,ENSG00000109062,ENSG00000126698,ENSG00000116106,ENSG00000112425,ENSG00000154839,
ENSG00000099958,ENSG00000110848,ENSG00000104043,ENSG00000109103,ENSG00000126768,ENSG00000116824,ENSG00000113368,ENSG00000156802,
ENSG00000099998,ENSG00000111249,ENSG00000104154,ENSG00000109519,ENSG00000126882,ENSG00000116983,ENSG00000114268,ENSG00000156970,
ENSG00000100034,ENSG00000111424,ENSG00000104687,ENSG00000110917,ENSG00000126934,ENSG00000117016,ENSG00000114770,ENSG00000159147,
ENSG00000100055,ENSG00000111860,ENSG00000104880,ENSG00000111328,ENSG00000127838,ENSG00000117090,ENSG00000115232,ENSG00000159259,
ENSG00000100234,ENSG00000112232,ENSG00000105409,ENSG00000111666,ENSG00000128228,ENSG00000117091,ENSG00000115760,ENSG00000160957,
ENSG00000100290,ENSG00000112414,ENSG00000105426,ENSG00000111846,ENSG00000128340,ENSG00000117560,ENSG00000116062,ENSG00000161800,
ENSG00000100393,ENSG00000112419,ENSG00000105699,ENSG00000113552,ENSG00000129351,ENSG00000119522,ENSG00000116514,ENSG00000162062,
ENSG00000100422,ENSG00000112624,ENSG00000105866,ENSG00000113761,ENSG00000130592,ENSG00000119866,ENSG00000116957,ENSG00000162063,
ENSG00000100427,ENSG00000112715,ENSG00000106144,ENSG00000113810,ENSG00000131508,ENSG00000121104,ENSG00000117569,ENSG00000163808,
ENSG00000100479,ENSG00000113387,ENSG00000106638,ENSG00000114026,ENSG00000131876,ENSG00000123411,ENSG00000117625,ENSG00000163918,
ENSG00000100600,ENSG00000113621,ENSG00000106799,ENSG00000114388,ENSG00000132507,ENSG00000123453,ENSG00000119392,ENSG00000164045,
ENSG00000100628,ENSG00000114686,ENSG00000107104,ENSG00000114626,ENSG00000132581,ENSG00000124203,ENSG00000119682,ENSG00000164109,
ENSG00000100721,ENSG00000114923,ENSG00000107242,ENSG00000114738,ENSG00000132646,ENSG00000124334,ENSG00000119787,ENSG00000164611,
ENSG00000100985,ENSG00000115091,ENSG00000108100,ENSG00000115216,ENSG00000132744,ENSG00000124479,ENSG00000123213,ENSG00000165244,
ENSG00000101187,ENSG00000115165,ENSG00000108557,ENSG00000115539,ENSG00000133398,ENSG00000124610,ENSG00000124181,ENSG00000165304,
ENSG00000101194,ENSG00000115598,ENSG00000110090,ENSG00000115902,ENSG00000134030,ENSG00000125347,ENSG00000125257,ENSG00000165480,
ENSG00000101216,ENSG00000115641,ENSG00000110092,ENSG00000116213,ENSG00000134058,ENSG00000125731,ENSG00000126216,ENSG00000165891,
ENSG00000101236,ENSG00000115718,ENSG00000110987,ENSG00000116350,ENSG00000134571,ENSG00000126353,ENSG00000127586,ENSG00000166451,
ENSG00000101265,ENSG00000115758,ENSG00000111087,ENSG00000117643,ENSG00000135363,ENSG00000127152,ENSG00000129657,ENSG00000166508,
ENSG00000101335,ENSG00000116584,ENSG00000111358,ENSG00000117676,ENSG00000135723,ENSG00000127616,ENSG00000132155,ENSG00000166803,
ENSG00000101445,ENSG00000116741,ENSG00000111445,ENSG00000118197,ENSG00000136280,ENSG00000127824,ENSG00000132405,ENSG00000166851,
ENSG00000101447,ENSG00000117523,ENSG00000111674,ENSG00000118557,ENSG00000136522,ENSG00000129521,ENSG00000133816,ENSG00000167513,
ENSG00000102096,ENSG00000117682,ENSG00000111728,ENSG00000119777,ENSG00000136689,ENSG00000129749,ENSG00000134802,ENSG00000167600,
ENSG00000102145,ENSG00000117748,ENSG00000112234,ENSG00000119950,ENSG00000136819,ENSG00000130005,ENSG00000134900,ENSG00000167900,
ENSG00000102174,ENSG00000118292,ENSG00000112763,ENSG00000120280,ENSG00000137309,ENSG00000130052,ENSG00000134955,ENSG00000168496,
ENSG00000102879,ENSG00000118579,ENSG00000113273,ENSG00000120437,ENSG00000137731,ENSG00000130787,ENSG00000135829,ENSG00000169607,
ENSG00000102962,ENSG00000118922,ENSG00000114450,ENSG00000121073,ENSG00000139278,ENSG00000131188,ENSG00000135838,ENSG00000169679,
ENSG00000102970,ENSG00000119689,ENSG00000114573,ENSG00000121769,ENSG00000139718,ENSG00000131584,ENSG00000136504,ENSG00000170312,
ENSG00000103056,ENSG00000119844,ENSG00000114812,ENSG00000122359,ENSG00000140749,ENSG00000131634,ENSG00000136715,ENSG00000171241,
ENSG00000103064,ENSG00000119943,ENSG00000114933,ENSG00000122390,ENSG00000141510,ENSG00000132185,ENSG00000136802,ENSG00000171320,
ENSG00000103196,ENSG00000120656,ENSG00000115306,ENSG00000122783,ENSG00000141526,ENSG00000133048,ENSG00000136811,ENSG00000171848,
ENSG00000103257,ENSG00000120659,ENSG00000115339,ENSG00000123136,ENSG00000141858,ENSG00000133275,ENSG00000136878,ENSG00000174371,
ENSG00000103355,ENSG00000120820,ENSG00000115594,ENSG00000123143,ENSG00000141867,ENSG00000133874,ENSG00000136937,ENSG00000175063,
ENSG00000103489,ENSG00000120833,ENSG00000115604,ENSG00000123179,ENSG00000142227,ENSG00000134594,ENSG00000136997,ENSG00000175305,
ENSG00000103522,ENSG00000120949,ENSG00000115687,ENSG00000125354,ENSG00000144579,ENSG00000134954,ENSG00000138413,ENSG00000176890,
ENSG00000104341,ENSG00000121570,ENSG00000115896,ENSG00000125459,ENSG00000144867,ENSG00000135083,ENSG00000138449,ENSG00000178999,
ENSG00000104783,ENSG00000122545,ENSG00000115935,ENSG00000125912,ENSG00000145050,ENSG00000135127,ENSG00000138801,ENSG00000179750,
ENSG00000104921,ENSG00000122696,ENSG00000116604,ENSG00000126246,ENSG00000145494,ENSG00000135925,ENSG00000139350,ENSG00000183048,
ENSG00000104974,ENSG00000122852,ENSG00000117000,ENSG00000127191,ENSG00000147155,ENSG00000136244,ENSG00000139641,ENSG00000183150,
ENSG00000105088,ENSG00000123374,ENSG00000117222,ENSG00000129116,ENSG00000147586,ENSG00000136425,ENSG00000139687,ENSG00000186185,
ENSG00000105122,ENSG00000123609,ENSG00000117394,ENSG00000129173,ENSG00000148335,ENSG00000136573,ENSG00000139697,ENSG00000186280,
ENSG00000105205,ENSG00000124134,ENSG00000117461,ENSG00000129355,ENSG00000148362,ENSG00000137078,ENSG00000140259,ENSG00000188486,
ENSG00000105323,ENSG00000124233,ENSG00000117834,ENSG00000130222,ENSG00000148908,ENSG00000137331,ENSG00000140548,ENSG00000189057,
ENSG00000105339,ENSG00000124507,ENSG00000118058,ENSG00000130305,ENSG00000151176,ENSG00000137507,ENSG00000140743,ENSG00000196230,
ENSG00000105366,ENSG00000124635,ENSG00000118432,ENSG00000130560,ENSG00000152082,ENSG00000137571,ENSG00000140829,ENSG00000198901,
ENSG00000105369,ENSG00000124780,ENSG00000118515,ENSG00000130734,ENSG00000153391,ENSG00000138166,ENSG00000141179,ENSG00000276043,
ENSG00000105514,ENSG00000125869,ENSG00000119326,ENSG00000130816,ENSG00000153443,ENSG00000139193,ENSG00000141458,,
ENSG00000105556,ENSG00000126251,ENSG00000119778,ENSG00000131236,ENSG00000153574,ENSG00000140511,ENSG00000141556,,
ENSG00000105697,ENSG00000126822,ENSG00000120137,ENSG00000131378,ENSG00000155115,ENSG00000141682,ENSG00000142197,,
ENSG00000105810,ENSG00000127124,ENSG00000120279,ENSG00000132323,ENSG00000155719,ENSG00000141753,ENSG00000142347,,
ENSG00000105889,ENSG00000127423,ENSG00000120868,ENSG00000132383,ENSG00000156858,ENSG00000141985,ENSG00000143418,,
ENSG00000105926,ENSG00000128218,ENSG00000122223,ENSG00000132773,ENSG00000156860,ENSG00000142583,ENSG00000143799,,
ENSG00000106003,ENSG00000128342,ENSG00000122482,ENSG00000132825,ENSG00000157045,ENSG00000143333,ENSG00000145246,,
ENSG00000106070,ENSG00000128656,ENSG00000122779,ENSG00000133226,ENSG00000157216,ENSG00000144040,ENSG00000145819,,
ENSG00000106366,ENSG00000128965,ENSG00000123066,ENSG00000134779,ENSG00000157600,ENSG00000144152,ENSG00000145882,,
ENSG00000106624,ENSG00000129317,ENSG00000123104,ENSG00000135953,ENSG00000157933,ENSG00000144893,ENSG00000147457,,
ENSG00000106868,ENSG00000130037,ENSG00000123643,ENSG00000136261,ENSG00000158186,ENSG00000145936,ENSG00000148841,,
ENSG00000106948,ENSG00000130300,ENSG00000123684,ENSG00000136485,ENSG00000159352,ENSG00000146021,ENSG00000149428,,
ENSG00000107281,ENSG00000130561,ENSG00000123700,ENSG00000136630,ENSG00000160014,ENSG00000146285,ENSG00000151229,,
ENSG00000107719,ENSG00000130943,ENSG00000123908,ENSG00000136720,ENSG00000160117,ENSG00000146918,ENSG00000153317,,
ENSG00000107738,ENSG00000131149,ENSG00000124126,ENSG00000136933,ENSG00000160209,ENSG00000149289,ENSG00000154237,,
ENSG00000107960,ENSG00000131242,ENSG00000124783,ENSG00000137094,ENSG00000160256,ENSG00000152766,ENSG00000154822,,
ENSG00000108551,ENSG00000131773,ENSG00000124813,ENSG00000137496,ENSG00000160360,ENSG00000152784,ENSG00000155097,,
ENSG00000108604,ENSG00000132359,ENSG00000125637,ENSG00000137807,ENSG00000160783,ENSG00000153283,ENSG00000155561,,
ENSG00000108688,ENSG00000132749,ENSG00000125686,ENSG00000138092,ENSG00000161013,ENSG00000154016,ENSG00000155846,,
ENSG00000108691,ENSG00000132964,ENSG00000125871,ENSG00000138175,ENSG00000161682,ENSG00000155961,ENSG00000156136,,
ENSG00000108950,ENSG00000133069,ENSG00000126261,ENSG00000138182,ENSG00000161835,ENSG00000156127,ENSG00000156471,,
ENSG00000109685,ENSG00000133661,ENSG00000126391,ENSG00000138621,ENSG00000161981,ENSG00000156738,ENSG00000156983,,
ENSG00000110047,ENSG00000133997,ENSG00000127311,ENSG00000139266,ENSG00000162222,ENSG00000157193,ENSG00000157538,,
ENSG00000110721,ENSG00000134042,ENSG00000127481,ENSG00000139405,ENSG00000162734,ENSG00000157833,ENSG00000159314,,
ENSG00000110934,ENSG00000134531,ENSG00000127507,ENSG00000140931,ENSG00000163251,ENSG00000158050,ENSG00000160200,,
ENSG00000111012,ENSG00000134882,ENSG00000127603,ENSG00000140992,ENSG00000163602,ENSG00000158714,ENSG00000160218,,
ENSG00000111145,ENSG00000134986,ENSG00000127954,ENSG00000140995,ENSG00000163866,ENSG00000159674,ENSG00000160584,,
ENSG00000111186,ENSG00000135424,ENSG00000128011,ENSG00000141401,ENSG00000163923,ENSG00000160050,ENSG00000160703,,
ENSG00000111224,ENSG00000135503,ENSG00000128487,ENSG00000141562,ENSG00000164086,ENSG00000160307,ENSG00000161217,,
ENSG00000111913,ENSG00000135625,ENSG00000128595,ENSG00000142546,ENSG00000165233,ENSG00000160606,ENSG00000162434,,
ENSG00000112031,ENSG00000135845,ENSG00000128596,ENSG00000143033,ENSG00000165416,ENSG00000160654,ENSG00000162702,,
ENSG00000112195,ENSG00000136014,ENSG00000129467,ENSG00000143067,ENSG00000165716,ENSG00000161405,ENSG00000162894,,
ENSG00000112561,ENSG00000136155,ENSG00000129675,ENSG00000143319,ENSG00000165916,ENSG00000161618,ENSG00000163219,,
ENSG00000112759,ENSG00000136240,ENSG00000130433,ENSG00000143321,ENSG00000166311,ENSG00000162490,ENSG00000163348,,
ENSG00000112877,ENSG00000136527,ENSG00000131018,ENSG00000143387,ENSG00000166925,ENSG00000162746,ENSG00000163788,,
ENSG00000113296,ENSG00000136634,ENSG00000132329,ENSG00000143740,ENSG00000167173,ENSG00000162892,ENSG00000165209,,
ENSG00000113448,ENSG00000136830,ENSG00000132849,ENSG00000143870,ENSG00000167286,ENSG00000163508,ENSG00000165359,,
ENSG00000113532,ENSG00000137996,ENSG00000133119,ENSG00000144401,ENSG00000167470,ENSG00000163519,ENSG00000165997,,
ENSG00000113749,ENSG00000138316,ENSG00000133561,ENSG00000145194,ENSG00000167642,ENSG00000163535,ENSG00000166747,,
ENSG00000113758,ENSG00000138376,ENSG00000133657,ENSG00000145331,ENSG00000167680,ENSG00000163564,ENSG00000166750,,
ENSG00000114270,ENSG00000138395,ENSG00000134107,ENSG00000145723,ENSG00000167797,ENSG00000163599,ENSG00000167325,,
ENSG00000114541,ENSG00000138430,ENSG00000134215,ENSG00000146776,ENSG00000168002,ENSG00000163739,ENSG00000167395,,
ENSG00000114737,ENSG00000138668,ENSG00000134324,ENSG00000147535,ENSG00000168273,ENSG00000163975,ENSG00000167695,,
ENSG00000114993,ENSG00000138814,ENSG00000134602,ENSG00000147548,ENSG00000168298,ENSG00000164342,ENSG00000167721,,
ENSG00000115590,ENSG00000139055,ENSG00000134744,ENSG00000147905,ENSG00000168427,ENSG00000164626,ENSG00000168016,,
ENSG00000115602,ENSG00000139083,ENSG00000134755,ENSG00000148180,ENSG00000168887,ENSG00000165507,ENSG00000168411,,
ENSG00000115657,ENSG00000139344,ENSG00000134910,ENSG00000148248,ENSG00000169057,ENSG00000165929,ENSG00000168615,,
ENSG00000115828,ENSG00000139438,ENSG00000135048,ENSG00000148835,ENSG00000169136,ENSG00000166105,ENSG00000168918,,
ENSG00000116017,ENSG00000139880,ENSG00000135269,ENSG00000149418,ENSG00000169564,ENSG00000166289,ENSG00000169180,,
ENSG00000116031,ENSG00000139926,ENSG00000135365,ENSG00000149485,ENSG00000169926,ENSG00000166341,ENSG00000169914,,
ENSG00000116478,ENSG00000139946,ENSG00000135480,ENSG00000149636,ENSG00000171044,ENSG00000167536,ENSG00000170085,,
ENSG00000116544,ENSG00000139974,ENSG00000135870,ENSG00000149923,ENSG00000171634,ENSG00000167550,ENSG00000170322,,
ENSG00000116771,ENSG00000140030,ENSG00000136068,ENSG00000150756,ENSG00000171643,ENSG00000167664,ENSG00000170836,,
ENSG00000116852,ENSG00000140279,ENSG00000136153,ENSG00000151287,ENSG00000171700,ENSG00000167895,ENSG00000171681,,
ENSG00000116990,ENSG00000140350,ENSG00000136169,ENSG00000151466,ENSG00000171703,ENSG00000167984,ENSG00000172943,,
ENSG00000117115,ENSG00000140416,ENSG00000136193,ENSG00000151746,ENSG00000172005,ENSG00000168081,ENSG00000173011,,
ENSG00000117298,ENSG00000140678,ENSG00000136731,ENSG00000152315,ENSG00000172366,ENSG00000168280,ENSG00000173020,,
ENSG00000117594,ENSG00000141030,ENSG00000136960,ENSG00000154889,ENSG00000172590,ENSG00000168306,ENSG00000173334,,
ENSG00000117602,ENSG00000141127,ENSG00000137478,ENSG00000154920,ENSG00000172613,ENSG00000168394,ENSG00000173757,,
ENSG00000118242,ENSG00000141469,ENSG00000137642,ENSG00000155660,ENSG00000172724,ENSG00000168421,ENSG00000174243,,
ENSG00000118308,ENSG00000141965,ENSG00000137942,ENSG00000156709,ENSG00000172775,ENSG00000168785,ENSG00000174842,,
ENSG00000118707,ENSG00000142408,ENSG00000138185,ENSG00000156831,ENSG00000173272,ENSG00000169129,ENSG00000175115,,
ENSG00000118785,ENSG00000142409,ENSG00000138688,ENSG00000156873,ENSG00000173457,ENSG00000169194,ENSG00000175899,,
ENSG00000118971,ENSG00000142549,ENSG00000138764,ENSG00000157014,ENSG00000174943,ENSG00000169884,ENSG00000176619,,
ENSG00000119121,ENSG00000142657,ENSG00000138821,ENSG00000158457,ENSG00000175376,ENSG00000170128,ENSG00000176994,,
ENSG00000119408,ENSG00000142864,ENSG00000139890,ENSG00000159069,ENSG00000175416,ENSG00000171603,ENSG00000177302,,
ENSG00000119681,ENSG00000143318,ENSG00000140199,ENSG00000159231,ENSG00000175550,ENSG00000171631,ENSG00000178252,,
ENSG00000120318,ENSG00000143322,ENSG00000140443,ENSG00000160193,ENSG00000176533,ENSG00000171791,ENSG00000179222,,
ENSG00000120334,ENSG00000143450,ENSG00000140526,ENSG00000160284,ENSG00000176845,ENSG00000172183,ENSG00000181220,,
ENSG00000121361,ENSG00000143494,ENSG00000140563,ENSG00000160310,ENSG00000176973,ENSG00000172215,ENSG00000184216,,
ENSG00000121690,ENSG00000143549,ENSG00000140853,ENSG00000160392,ENSG00000177105,ENSG00000172236,ENSG00000184575,,
ENSG00000121716,ENSG00000144161,ENSG00000141096,ENSG00000160404,ENSG00000177156,ENSG00000173208,ENSG00000184602,,
ENSG00000121807,ENSG00000144485,ENSG00000142733,ENSG00000160410,ENSG00000177169,ENSG00000173762,ENSG00000185019,,
ENSG00000121895,ENSG00000144668,ENSG00000142798,ENSG00000160679,ENSG00000177380,ENSG00000174946,ENSG00000185658,,
ENSG00000121933,ENSG00000145088,ENSG00000143369,ENSG00000160963,ENSG00000177674,ENSG00000175592,ENSG00000186716,,
ENSG00000121966,ENSG00000145708,ENSG00000143401,ENSG00000161091,ENSG00000177700,ENSG00000176170,ENSG00000187555,,
ENSG00000122025,ENSG00000145779,ENSG00000143458,ENSG00000161526,ENSG00000177706,ENSG00000177542,ENSG00000188033,,
ENSG00000122121,ENSG00000145832,ENSG00000143514,ENSG00000162073,ENSG00000177733,ENSG00000179144,ENSG00000188559,,
ENSG00000122224,ENSG00000145839,ENSG00000143772,ENSG00000162144,ENSG00000178035,ENSG00000180096,ENSG00000188566,,
ENSG00000122254,ENSG00000145860,ENSG00000143815,ENSG00000162174,ENSG00000178226,ENSG00000180644,ENSG00000189060,,
ENSG00000122257,ENSG00000145911,ENSG00000143847,ENSG00000162407,ENSG00000179218,ENSG00000181409,ENSG00000189091,,
ENSG00000122547,ENSG00000146426,ENSG00000144136,ENSG00000162882,ENSG00000179933,ENSG00000181577,ENSG00000197217,,
ENSG00000123329,ENSG00000146592,ENSG00000144231,ENSG00000163444,ENSG00000180340,ENSG00000181847,ENSG00000197355,,
ENSG00000123352,ENSG00000146731,ENSG00000144749,ENSG00000163462,ENSG00000180953,ENSG00000181896,ENSG00000197563,,
ENSG00000123405,ENSG00000147140,ENSG00000145365,ENSG00000163472,ENSG00000181163,ENSG00000182580,ENSG00000197943,,
ENSG00000124019,ENSG00000147166,ENSG00000145675,ENSG00000163875,ENSG00000181544,ENSG00000182866,ENSG00000197976,,
ENSG00000124102,ENSG00000148200,ENSG00000145685,ENSG00000163935,ENSG00000181649,ENSG00000184271,ENSG00000198431,,
ENSG00000124145,ENSG00000148400,ENSG00000146476,ENSG00000164221,ENSG00000182054,ENSG00000184489,ENSG00000198554,,
ENSG00000124191,ENSG00000148459,ENSG00000147459,ENSG00000164897,ENSG00000182095,ENSG00000185101,ENSG00000198624,,
ENSG00000124491,ENSG00000148660,ENSG00000147526,ENSG00000165609,ENSG00000182253,ENSG00000185885,ENSG00000198771,,
ENSG00000124496,ENSG00000149212,ENSG00000147576,ENSG00000165801,ENSG00000182544,ENSG00000186081,ENSG00000198860,,
ENSG00000124659,ENSG00000149346,ENSG00000147854,ENSG00000165886,ENSG00000183684,ENSG00000186469,ENSG00000198911,,
ENSG00000124772,ENSG00000149499,ENSG00000148396,ENSG00000166579,ENSG00000183734,ENSG00000186792,ENSG00000203710,,
ENSG00000125266,ENSG00000149534,ENSG00000148411,ENSG00000166860,ENSG00000183741,ENSG00000186810,ENSG00000205268,,
ENSG00000125384,ENSG00000150637,ENSG00000148426,ENSG00000167004,ENSG00000183955,ENSG00000186827,ENSG00000211460,,
ENSG00000125430,ENSG00000150681,ENSG00000148606,ENSG00000167077,ENSG00000184260,ENSG00000186854,ENSG00000214655,,
ENSG00000125505,ENSG00000151461,ENSG00000148700,ENSG00000167182,ENSG00000184281,ENSG00000186891,ENSG00000225830,,
ENSG00000125735,ENSG00000151465,ENSG00000149115,ENSG00000167522,ENSG00000184343,ENSG00000188389,ENSG00000241973,,
ENSG00000125810,ENSG00000151650,ENSG00000149480,ENSG00000167553,ENSG00000184357,ENSG00000188452,,,
ENSG00000125952,ENSG00000151687,ENSG00000151012,ENSG00000167645,ENSG00000184897,ENSG00000188820,,,
ENSG00000126262,ENSG00000152240,ENSG00000151233,ENSG00000167670,ENSG00000185262,ENSG00000196074,,,
ENSG00000127084,ENSG00000152518,ENSG00000151532,ENSG00000167701,ENSG00000185614,ENSG00000196329,,,
ENSG00000127526,ENSG00000153157,ENSG00000152102,ENSG00000167747,ENSG00000186395,ENSG00000196839,,,
ENSG00000127528,ENSG00000153162,ENSG00000152217,ENSG00000167799,ENSG00000186577,ENSG00000196878,,,
ENSG00000127663,ENSG00000153310,ENSG00000152223,ENSG00000167977,ENSG00000187051,ENSG00000196935,,,
ENSG00000127946,ENSG00000153814,ENSG00000152256,ENSG00000168209,ENSG00000187514,ENSG00000197043,,,
ENSG00000127951,ENSG00000153885,ENSG00000152455,ENSG00000168763,ENSG00000188070,ENSG00000197540,,,
ENSG00000128050,ENSG00000153944,ENSG00000152495,ENSG00000169093,ENSG00000188342,ENSG00000197555,,,
ENSG00000128165,ENSG00000154102,ENSG00000152503,ENSG00000169762,ENSG00000188372,ENSG00000198286,,,
ENSG00000128606,ENSG00000154122,ENSG00000152689,ENSG00000169813,ENSG00000189227,ENSG00000198355,,,
ENSG00000129071,ENSG00000154124,ENSG00000153064,ENSG00000169957,ENSG00000189306,ENSG00000198821,,,
ENSG00000129292,ENSG00000154229,ENSG00000153094,ENSG00000170684,ENSG00000196449,ENSG00000198846,,,
ENSG00000129538,ENSG00000154473,ENSG00000154642,ENSG00000170779,ENSG00000196465,ENSG00000198851,,,
ENSG00000129925,ENSG00000155111,ENSG00000155090,ENSG00000170876,ENSG00000196636,ENSG00000198885,,,
ENSG00000129993,ENSG00000155329,ENSG00000155380,ENSG00000171148,ENSG00000196923,ENSG00000203896,,,
ENSG00000130167,ENSG00000155959,ENSG00000155508,ENSG00000171161,ENSG00000197006,ENSG00000204103,,,
ENSG00000130584,ENSG00000156384,ENSG00000156076,ENSG00000171763,ENSG00000197061,ENSG00000205045,,,
ENSG00000130589,ENSG00000157168,ENSG00000157404,ENSG00000171793,ENSG00000197238,ENSG00000213024,,,
ENSG00000130830,ENSG00000157368,ENSG00000158545,ENSG00000172349,ENSG00000197345,ENSG00000213626,,,
ENSG00000131203,ENSG00000157445,ENSG00000158636,ENSG00000172530,ENSG00000197982,ENSG00000215788,,,
ENSG00000131323,ENSG00000157764,ENSG00000158985,ENSG00000173110,ENSG00000197992,ENSG00000221866,,,
ENSG00000131400,ENSG00000158373,ENSG00000158987,ENSG00000173540,ENSG00000198053,ENSG00000221869,,,
ENSG00000131470,ENSG00000158406,ENSG00000159753,ENSG00000173846,ENSG00000198546,ENSG00000221883,,,
ENSG00000131503,ENSG00000159166,ENSG00000159873,ENSG00000173950,ENSG00000198736,ENSG00000235961,,,
ENSG00000131669,ENSG00000159445,ENSG00000160856,ENSG00000174007,ENSG00000198856,ENSG00000240230,,,
ENSG00000131748,ENSG00000160211,ENSG00000161040,ENSG00000174238,ENSG00000198931,ENSG00000244486,,,
ENSG00000131873,ENSG00000160683,ENSG00000161905,ENSG00000174442,ENSG00000198937,ENSG00000254788,,,
ENSG00000132182,ENSG00000160877,ENSG00000162337,ENSG00000174780,ENSG00000204267,ENSG00000261594,,,
ENSG00000132334,ENSG00000160953,ENSG00000162591,ENSG00000175213,ENSG00000204482,ENSG00000265681,,,
ENSG00000132465,ENSG00000161021,ENSG00000162971,ENSG00000175221,ENSG00000204574,ENSG00000277586,,,
ENSG00000132481,ENSG00000162607,ENSG00000163082,ENSG00000175470,ENSG00000212123,,,,
ENSG00000132514,ENSG00000162613,ENSG00000163349,ENSG00000175489,ENSG00000213903,,,,
ENSG00000132819,ENSG00000162980,ENSG00000163362,ENSG00000175634,ENSG00000213977,,,,
ENSG00000132938,ENSG00000163053,ENSG00000163545,ENSG00000175643,ENSG00000221995,,,,
ENSG00000133216,ENSG00000163221,ENSG00000163629,ENSG00000176444,ENSG00000228716,,,,
ENSG00000133317,ENSG00000163636,ENSG00000163655,ENSG00000177030,ENSG00000239672,,,,
ENSG00000133789,ENSG00000163877,ENSG00000163751,ENSG00000177721,ENSG00000239998,,,,
ENSG00000133794,ENSG00000163950,ENSG00000163781,ENSG00000177981,ENSG00000240682,,,,
ENSG00000133805,ENSG00000163964,ENSG00000164091,ENSG00000179965,ENSG00000243725,,,,
ENSG00000133985,ENSG00000163993,ENSG00000164125,ENSG00000180198,ENSG00000243927,,,,
ENSG00000134061,ENSG00000164104,ENSG00000164251,ENSG00000181035,ENSG00000244038,,,,
ENSG00000134072,ENSG00000164265,ENSG00000164506,ENSG00000181788,ENSG00000244165,,,,
ENSG00000134321,ENSG00000164300,ENSG00000164574,ENSG00000181852,ENSG00000253276,,,,
ENSG00000134460,ENSG00000164379,ENSG00000164715,ENSG00000182173,ENSG00000261221,,,,
ENSG00000134489,ENSG00000164485,ENSG00000164849,ENSG00000182199,ENSG00000270629,,,,
ENSG00000134748,ENSG00000164530,ENSG00000164938,ENSG00000182511,ENSG00000274736,,,,
ENSG00000134824,ENSG00000164754,ENSG00000164949,ENSG00000182551,ENSG00000274997,,,,
ENSG00000134827,ENSG00000164934,ENSG00000165409,ENSG00000182872,,,,,
ENSG00000135045,ENSG00000165288,ENSG00000165410,ENSG00000183431,,,,,
ENSG00000135069,ENSG00000165606,ENSG00000165527,ENSG00000183605,,,,,
ENSG00000135074,ENSG00000165704,ENSG00000165591,ENSG00000183763,,,,,
ENSG00000135094,ENSG00000165731,ENSG00000165650,ENSG00000183963,,,,,
ENSG00000135250,ENSG00000165757,ENSG00000165671,ENSG00000184164,,,,,
ENSG00000135362,ENSG00000165863,ENSG00000165802,ENSG00000184209,,,,,
ENSG00000135426,ENSG00000166073,ENSG00000166016,ENSG00000184988,,,,,
ENSG00000135439,ENSG00000166265,ENSG00000166224,ENSG00000185187,,,,,
ENSG00000135537,ENSG00000166482,ENSG00000166439,ENSG00000185838,,,,,
ENSG00000135549,ENSG00000166783,ENSG00000166900,ENSG00000186951,,,,,
ENSG00000135636,ENSG00000167005,ENSG00000166949,ENSG00000187049,,,,,
ENSG00000135916,ENSG00000167460,ENSG00000166963,ENSG00000187266,,,,,
ENSG00000136010,ENSG00000167483,ENSG00000167528,ENSG00000188060,,,,,
ENSG00000136026,ENSG00000167548,ENSG00000167676,ENSG00000188211,,,,,
ENSG00000136040,ENSG00000167768,ENSG00000168329,ENSG00000188312,,,,,
ENSG00000136158,ENSG00000167772,ENSG00000168546,ENSG00000188483,,,,,
ENSG00000136160,ENSG00000168291,ENSG00000168758,ENSG00000189077,,,,,
ENSG00000136295,ENSG00000168484,ENSG00000168769,ENSG00000196544,,,,,
ENSG00000136404,ENSG00000168685,ENSG00000168806,ENSG00000196843,,,,,
ENSG00000136490,ENSG00000168779,ENSG00000168813,ENSG00000197150,,,,,
ENSG00000136999,ENSG00000168913,ENSG00000169299,ENSG00000197451,,,,,
ENSG00000137193,ENSG00000169224,ENSG00000169330,ENSG00000197785,,,,,
ENSG00000137265,ENSG00000169397,ENSG00000169902,ENSG00000197903,,,,,
ENSG00000137404,ENSG00000169432,ENSG00000169908,ENSG00000198055,,,,,
ENSG00000137474,ENSG00000169756,ENSG00000170802,ENSG00000198133,,,,,
ENSG00000137502,ENSG00000169896,ENSG00000171608,ENSG00000198700,,,,,
ENSG00000137509,ENSG00000170558,ENSG00000171659,ENSG00000198783,,,,,
ENSG00000137673,ENSG00000170891,ENSG00000171943,ENSG00000204256,,,,,
ENSG00000137841,ENSG00000171302,ENSG00000172840,ENSG00000204520,,,,,
ENSG00000138061,ENSG00000171314,ENSG00000172954,ENSG00000204569,,,,,
ENSG00000138080,ENSG00000171657,ENSG00000173068,ENSG00000213551,,,,,
ENSG00000138378,ENSG00000172081,ENSG00000173281,ENSG00000213593,,,,,
ENSG00000138623,ENSG00000173239,ENSG00000173801,ENSG00000213859,,,,,
ENSG00000138678,ENSG00000173404,ENSG00000174718,ENSG00000214022,,,,,
ENSG00000138738,ENSG00000173890,ENSG00000175928,ENSG00000214212,,,,,
ENSG00000138795,ENSG00000173991,ENSG00000176124,ENSG00000221829,,,,,
ENSG00000139146,ENSG00000174004,ENSG00000176148,ENSG00000221968,,,,,
ENSG00000139190,ENSG00000174130,ENSG00000176390,ENSG00000243279,,,,,
ENSG00000139514,ENSG00000174151,ENSG00000176542,ENSG00000243477,,,,,
ENSG00000139572,ENSG00000174611,ENSG00000176595,ENSG00000249992,,,,,
ENSG00000139626,ENSG00000174951,ENSG00000176624,ENSG00000274180,,,,,
ENSG00000139725,ENSG00000175048,ENSG00000176658,ENSG00000276045,,,,,
ENSG00000139971,ENSG00000175352,ENSG00000176749,ENSG00000280789,,,,,
ENSG00000140263,ENSG00000176208,ENSG00000177084,,,,,,
ENSG00000140287,ENSG00000176438,ENSG00000177463,,,,,,
ENSG00000140368,ENSG00000176834,ENSG00000178163,,,,,,
ENSG00000140564,ENSG00000176871,ENSG00000178538,,,,,,
ENSG00000140807,ENSG00000177181,ENSG00000179403,,,,,,
ENSG00000140859,ENSG00000177669,ENSG00000180182,,,,,,
ENSG00000140932,ENSG00000177707,ENSG00000180263,,,,,,
ENSG00000141404,ENSG00000178199,ENSG00000180370,,,,,,
ENSG00000141429,ENSG00000178342,ENSG00000180596,,,,,,
ENSG00000141655,ENSG00000178381,ENSG00000180884,,,,,,
ENSG00000142185,ENSG00000178573,ENSG00000181467,,,,,,
ENSG00000142405,ENSG00000178988,ENSG00000181744,,,,,,
ENSG00000142512,ENSG00000179431,ENSG00000181804,,,,,,
ENSG00000142765,ENSG00000179456,ENSG00000182240,,,,,,
ENSG00000143179,ENSG00000179588,ENSG00000182504,,,,,,
ENSG00000143344,ENSG00000179598,ENSG00000183337,,,,,,
ENSG00000143409,ENSG00000179846,ENSG00000183530,,,,,,
ENSG00000143412,ENSG00000182287,ENSG00000183647,,,,,,
ENSG00000143515,ENSG00000182463,ENSG00000183813,,,,,,
ENSG00000143537,ENSG00000182628,ENSG00000183826,,,,,,
ENSG00000143633,ENSG00000183091,ENSG00000184445,,,,,,
ENSG00000143669,ENSG00000183092,ENSG00000184702,,,,,,
ENSG00000143797,ENSG00000183283,ENSG00000185344,,,,,,
ENSG00000143851,ENSG00000183496,ENSG00000185361,,,,,,
ENSG00000143862,ENSG00000183579,ENSG00000185811,,,,,,
ENSG00000143891,ENSG00000183722,ENSG00000185905,,,,,,
ENSG00000144218,ENSG00000183780,ENSG00000185989,,,,,,
ENSG00000144354,ENSG00000184293,ENSG00000186265,,,,,,
ENSG00000144648,ENSG00000184313,ENSG00000187037,,,,,,
ENSG00000144649,ENSG00000184599,ENSG00000187764,,,,,,
ENSG00000145247,ENSG00000184992,ENSG00000188827,,,,,,
ENSG00000145335,ENSG00000185046,ENSG00000189079,,,,,,
ENSG00000145687,ENSG00000185156,ENSG00000196220,,,,,,
ENSG00000145757,ENSG00000185201,ENSG00000196233,,,,,,
ENSG00000145901,ENSG00000185291,ENSG00000196526,,,,,,
ENSG00000145920,ENSG00000185303,ENSG00000196535,,,,,,
ENSG00000145990,ENSG00000185386,ENSG00000196591,,,,,,
ENSG00000146070,ENSG00000185634,ENSG00000196663,,,,,,
ENSG00000146112,ENSG00000185669,ENSG00000196865,,,,,,
ENSG00000147010,ENSG00000185697,ENSG00000197594,,,,,,
ENSG00000147138,ENSG00000185818,ENSG00000197622,,,,,,
ENSG00000147408,ENSG00000185915,ENSG00000197632,,,,,,
ENSG00000147454,ENSG00000186767,ENSG00000197860,,,,,,
ENSG00000147571,ENSG00000186871,ENSG00000197930,,,,,,
ENSG00000148297,ENSG00000186918,ENSG00000198001,,,,,,
ENSG00000148516,ENSG00000187068,ENSG00000198113,,,,,,
ENSG00000148926,ENSG00000187239,ENSG00000198176,,,,,,
ENSG00000148935,ENSG00000187257,ENSG00000198598,,,,,,
ENSG00000149150,ENSG00000187498,ENSG00000198740,,,,,,
ENSG00000149269,ENSG00000187605,ENSG00000198756,,,,,,
ENSG00000149516,ENSG00000187862,ENSG00000198826,,,,,,
ENSG00000149970,ENSG00000188215,ENSG00000204084,,,,,,
ENSG00000151136,ENSG00000188647,ENSG00000204519,,,,,,
ENSG00000151651,ENSG00000189180,ENSG00000204947,,,,,,
ENSG00000151689,ENSG00000196188,ENSG00000206053,,,,,,
ENSG00000151692,ENSG00000196260,ENSG00000206527,,,,,,
ENSG00000151693,ENSG00000196588,ENSG00000206561,,,,,,
ENSG00000152128,ENSG00000197265,ENSG00000211455,,,,,,
ENSG00000152229,ENSG00000197562,ENSG00000213281,,,,,,
ENSG00000153208,ENSG00000197880,ENSG00000239521,,,,,,
ENSG00000153823,ENSG00000198162,ENSG00000249437,,,,,,
ENSG00000153879,ENSG00000198168,ENSG00000250312,,,,,,
ENSG00000154065,ENSG00000198178,ENSG00000257103,,,,,,
ENSG00000154146,ENSG00000198400,ENSG00000261210,,,,,,
ENSG00000154262,ENSG00000198673,ENSG00000266173,,,,,,
ENSG00000154277,ENSG00000198794,ENSG00000272398,,,,,,
ENSG00000154760,ENSG00000203814,ENSG00000276085,,,,,,
ENSG00000154928,ENSG00000204304,,,,,,,
ENSG00000155099,ENSG00000204681,,,,,,,
ENSG00000155189,ENSG00000204977,,,,,,,
ENSG00000155792,ENSG00000205420,,,,,,,
ENSG00000155966,ENSG00000205426,,,,,,,
ENSG00000156170,ENSG00000205581,,,,,,,
ENSG00000156711,ENSG00000206344,,,,,,,
ENSG00000156876,ENSG00000212127,,,,,,,
ENSG00000157017,ENSG00000213186,,,,,,,
ENSG00000157240,ENSG00000213420,,,,,,,
ENSG00000157303,ENSG00000213759,,,,,,,
ENSG00000157551,ENSG00000214688,,,,,,,
ENSG00000157570,ENSG00000215012,,,,,,,
ENSG00000157734,ENSG00000217555,,,,,,,
ENSG00000158006,ENSG00000235169,,,,,,,
ENSG00000158156,ENSG00000236609,,,,,,,
ENSG00000158286,ENSG00000240505,,,,,,,
ENSG00000158435,ENSG00000242732,,,,,,,
ENSG00000158477,ENSG00000244734,,,,,,,
ENSG00000158481,ENSG00000253250,,,,,,,
ENSG00000158485,ENSG00000258947,,,,,,,
ENSG00000158488,ENSG00000260325,,,,,,,
ENSG00000158517,ENSG00000261609,,,,,,,
ENSG00000158555,ENSG00000264522,,,,,,,
ENSG00000158715,ENSG00000267534,,,,,,,
ENSG00000158825,ENSG00000269743,,,,,,,
ENSG00000159023,ENSG00000272752,,,,,,,
ENSG00000159110,ENSG00000273802,,,,,,,
ENSG00000159339,ENSG00000276180,,,,,,,
ENSG00000159388,ENSG00000277075,,,,,,,
ENSG00000159496,ENSG00000277224,,,,,,,
ENSG00000159618,ENSG00000278195,,,,,,,
ENSG00000160013,,,,,,,,
ENSG00000160201,,,,,,,,
ENSG00000160305,,,,,,,,
ENSG00000160588,,,,,,,,
ENSG00000160593,,,,,,,,
ENSG00000160712,,,,,,,,
ENSG00000160753,,,,,,,,
ENSG00000160791,,,,,,,,
ENSG00000160796,,,,,,,,
ENSG00000160888,,,,,,,,
ENSG00000160991,,,,,,,,
ENSG00000161714,,,,,,,,
ENSG00000161944,,,,,,,,
ENSG00000162367,,,,,,,,
ENSG00000162390,,,,,,,,
ENSG00000162419,,,,,,,,
ENSG00000162433,,,,,,,,
ENSG00000162739,,,,,,,,
ENSG00000162745,,,,,,,,
ENSG00000162769,,,,,,,,
ENSG00000162881,,,,,,,,
ENSG00000163235,,,,,,,,
ENSG00000163297,,,,,,,,
ENSG00000163346,,,,,,,,
ENSG00000163376,,,,,,,,
ENSG00000163412,,,,,,,,
ENSG00000163421,,,,,,,,
ENSG00000163464,,,,,,,,
ENSG00000163606,,,,,,,,
ENSG00000163687,,,,,,,,
ENSG00000163823,,,,,,,,
ENSG00000163827,,,,,,,,
ENSG00000164236,,,,,,,,
ENSG00000164266,,,,,,,,
ENSG00000164292,,,,,,,,
ENSG00000164466,,,,,,,,
ENSG00000164512,,,,,,,,
ENSG00000164535,,,,,,,,
ENSG00000164543,,,,,,,,
ENSG00000164603,,,,,,,,
ENSG00000164691,,,,,,,,
ENSG00000164761,,,,,,,,
ENSG00000164985,,,,,,,,
ENSG00000165071,,,,,,,,
ENSG00000165406,,,,,,,,
ENSG00000165457,,,,,,,,
ENSG00000165646,,,,,,,,
ENSG00000165689,,,,,,,,
ENSG00000165702,,,,,,,,
ENSG00000165795,,,,,,,,
ENSG00000165813,,,,,,,,
ENSG00000165879,,,,,,,,
ENSG00000166428,,,,,,,,
ENSG00000166478,,,,,,,,
ENSG00000166483,,,,,,,,
ENSG00000166501,,,,,,,,
ENSG00000166920,,,,,,,,
ENSG00000166926,,,,,,,,
ENSG00000167106,,,,,,,,
ENSG00000167208,,,,,,,,
ENSG00000167264,,,,,,,,
ENSG00000167434,,,,,,,,
ENSG00000167641,,,,,,,,
ENSG00000167685,,,,,,,,
ENSG00000167779,,,,,,,,
ENSG00000167851,,,,,,,,
ENSG00000167994,,,,,,,,
ENSG00000168004,,,,,,,,
ENSG00000168071,,,,,,,,
ENSG00000168268,,,,,,,,
ENSG00000168269,,,,,,,,
ENSG00000168297,,,,,,,,
ENSG00000168878,,,,,,,,
ENSG00000168883,,,,,,,,
ENSG00000169116,,,,,,,,
ENSG00000169220,,,,,,,,
ENSG00000169385,,,,,,,,
ENSG00000169403,,,,,,,,
ENSG00000169413,,,,,,,,
ENSG00000169429,,,,,,,,
ENSG00000169508,,,,,,,,
ENSG00000169583,,,,,,,,
ENSG00000169891,,,,,,,,
ENSG00000170004,,,,,,,,
ENSG00000170006,,,,,,,,
ENSG00000170293,,,,,,,,
ENSG00000170439,,,,,,,,
ENSG00000170476,,,,,,,,
ENSG00000170542,,,,,,,,
ENSG00000170545,,,,,,,,
ENSG00000170571,,,,,,,,
ENSG00000170638,,,,,,,,
ENSG00000170837,,,,,,,,
ENSG00000170989,,,,,,,,
ENSG00000171208,,,,,,,,
ENSG00000171227,,,,,,,,
ENSG00000171236,,,,,,,,
ENSG00000171310,,,,,,,,
ENSG00000171316,,,,,,,,
ENSG00000171649,,,,,,,,
ENSG00000172000,,,,,,,,
ENSG00000172057,,,,,,,,
ENSG00000172551,,,,,,,,
ENSG00000172575,,,,,,,,
ENSG00000172794,,,,,,,,
ENSG00000172819,,,,,,,,
ENSG00000173535,,,,,,,,
ENSG00000173578,,,,,,,,
ENSG00000173825,,,,,,,,
ENSG00000173868,,,,,,,,
ENSG00000173926,,,,,,,,
ENSG00000173930,,,,,,,,
ENSG00000174099,,,,,,,,
ENSG00000174123,,,,,,,,
ENSG00000174600,,,,,,,,
ENSG00000174944,,,,,,,,
ENSG00000175040,,,,,,,,
ENSG00000175130,,,,,,,,
ENSG00000175315,,,,,,,,
ENSG00000175513,,,,,,,,
ENSG00000175591,,,,,,,,
ENSG00000175793,,,,,,,,
ENSG00000175857,,,,,,,,
ENSG00000176463,,,,,,,,
ENSG00000176771,,,,,,,,
ENSG00000176788,,,,,,,,
ENSG00000177191,,,,,,,,
ENSG00000177374,,,,,,,,
ENSG00000177383,,,,,,,,
ENSG00000177469,,,,,,,,
ENSG00000177602,,,,,,,,
ENSG00000177663,,,,,,,,
ENSG00000178175,,,,,,,,
ENSG00000178562,,,,,,,,
ENSG00000178607,,,,,,,,
ENSG00000178623,,,,,,,,
ENSG00000178789,,,,,,,,
ENSG00000178878,,,,,,,,
ENSG00000178882,,,,,,,,
ENSG00000178913,,,,,,,,
ENSG00000179348,,,,,,,,
ENSG00000179388,,,,,,,,
ENSG00000179639,,,,,,,,
ENSG00000180113,,,,,,,,
ENSG00000180353,,,,,,,,
ENSG00000180448,,,,,,,,
ENSG00000180549,,,,,,,,
ENSG00000180573,,,,,,,,
ENSG00000180767,,,,,,,,
ENSG00000180871,,,,,,,,
ENSG00000181045,,,,,,,,
ENSG00000181274,,,,,,,,
ENSG00000181374,,,,,,,,
ENSG00000181444,,,,,,,,
ENSG00000181631,,,,,,,,
ENSG00000182010,,,,,,,,
ENSG00000182022,,,,,,,,
ENSG00000182162,,,,,,,,
ENSG00000182183,,,,,,,,
ENSG00000182557,,,,,,,,
ENSG00000182566,,,,,,,,
ENSG00000182568,,,,,,,,
ENSG00000182871,,,,,,,,
ENSG00000182885,,,,,,,,
ENSG00000183018,,,,,,,,
ENSG00000183020,,,,,,,,
ENSG00000183049,,,,,,,,
ENSG00000183087,,,,,,,,
ENSG00000183134,,,,,,,,
ENSG00000183161,,,,,,,,
ENSG00000183307,,,,,,,,
ENSG00000183386,,,,,,,,
ENSG00000183484,,,,,,,,
ENSG00000183625,,,,,,,,
ENSG00000183688,,,,,,,,
ENSG00000183779,,,,,,,,
ENSG00000183943,,,,,,,,
ENSG00000184005,,,,,,,,
ENSG00000184221,,,,,,,,
ENSG00000184232,,,,,,,,
ENSG00000184371,,,,,,,,
ENSG00000184557,,,,,,,,
ENSG00000184574,,,,,,,,
ENSG00000184678,,,,,,,,
ENSG00000184709,,,,,,,,
ENSG00000185033,,,,,,,,
ENSG00000185052,,,,,,,,
ENSG00000185112,,,,,,,,
ENSG00000185338,,,,,,,,
ENSG00000185897,,,,,,,,
ENSG00000186187,,,,,,,,
ENSG00000186193,,,,,,,,
ENSG00000186204,,,,,,,,
ENSG00000186205,,,,,,,,
ENSG00000186364,,,,,,,,
ENSG00000186529,,,,,,,,
ENSG00000186815,,,,,,,,
ENSG00000186818,,,,,,,,
ENSG00000187474,,,,,,,,
ENSG00000187742,,,,,,,,
ENSG00000187837,,,,,,,,
ENSG00000187912,,,,,,,,
ENSG00000188042,,,,,,,,
ENSG00000188282,,,,,,,,
ENSG00000188305,,,,,,,,
ENSG00000188404,,,,,,,,
ENSG00000188649,,,,,,,,
ENSG00000188778,,,,,,,,
ENSG00000188822,,,,,,,,
ENSG00000189068,,,,,,,,
ENSG00000196155,,,,,,,,
ENSG00000196189,,,,,,,,
ENSG00000196358,,,,,,,,
ENSG00000196391,,,,,,,,
ENSG00000196498,,,,,,,,
ENSG00000196562,,,,,,,,
ENSG00000196581,,,,,,,,
ENSG00000196628,,,,,,,,
ENSG00000196684,,,,,,,,
ENSG00000196693,,,,,,,,
ENSG00000197093,,,,,,,,
ENSG00000197256,,,,,,,,
ENSG00000197299,,,,,,,,
ENSG00000197324,,,,,,,,
ENSG00000197361,,,,,,,,
ENSG00000197381,,,,,,,,
ENSG00000197457,,,,,,,,
ENSG00000197721,,,,,,,,
ENSG00000198223,,,,,,,,
ENSG00000198435,,,,,,,,
ENSG00000198520,,,,,,,,
ENSG00000198570,,,,,,,,
ENSG00000198682,,,,,,,,
ENSG00000198732,,,,,,,,
ENSG00000198734,,,,,,,,
ENSG00000198829,,,,,,,,
ENSG00000198858,,,,,,,,
ENSG00000198909,,,,,,,,
ENSG00000204131,,,,,,,,
ENSG00000204160,,,,,,,,
ENSG00000204390,,,,,,,,
ENSG00000205336,,,,,,,,
ENSG00000205531,,,,,,,,
ENSG00000205659,,,,,,,,
ENSG00000205927,,,,,,,,
ENSG00000213190,,,,,,,,
ENSG00000213316,,,,,,,,
ENSG00000213390,,,,,,,,
ENSG00000213445,,,,,,,,
ENSG00000214530,,,,,,,,
ENSG00000220008,,,,,,,,
ENSG00000225614,,,,,,,,
ENSG00000227507,,,,,,,,
ENSG00000228672,,,,,,,,
ENSG00000233436,,,,,,,,
ENSG00000235750,,,,,,,,
ENSG00000237441,,,,,,,,
ENSG00000239961,,,,,,,,
ENSG00000240583,,,,,,,,
ENSG00000240891,,,,,,,,
ENSG00000241106,,,,,,,,
ENSG00000244405,,,,,,,,
ENSG00000248905,,,,,,,,
ENSG00000255587,,,,,,,,
ENSG00000256235,,,,,,,,
ENSG00000257335,,,,,,,,
ENSG00000262406,,,,,,,,
ENSG00000262655,,,,,,,,
ENSG00000263961,,,,,,,,
ENSG00000265190,,,,,,,,
ENSG00000266074,,,,,,,,
ENSG00000269404,,,,,,,,
ENSG00000276231,,,,,,,,
ENSG00000276644,,,,,,,,
ENSG00000277443,,,,,,,,
ENSG00000282608,,,,,,,,
